CustomerID,Recency,Frequency,Monetary,R_score,F_score,M_score,RFM_Score,Segment
C1000,769,21,5094.63,1,1,1,111,Low-Value
C1001,804,27,8116.25,1,4,4,144,Low-Value
C1002,584,27,8110.09,4,4,4,444,Mid
C1003,759,23,5343.110000000001,1,2,1,121,Low-Value
C1004,671,27,7334.12,3,4,3,343,Mid
C1005,578,32,8934.46,4,5,4,454,Mid
C1006,675,31,10310.74,3,5,5,355,Mid
C1007,208,29,6383.67,5,4,2,542,Low-Value
C1008,508,30,8378.39,5,5,4,554,Mid
C1009,632,40,12446.45,4,5,5,455,Mid
C1010,515,20,7580.67,5,1,3,513,Low-Value
C1011,761,21,6858.99,1,1,2,112,Low-Value
C1012,792,16,5689.59,1,1,1,111,Low-Value
C1013,642,28,7351.47,4,4,3,443,Mid
C1014,674,36,11205.460000000001,3,5,5,355,Mid
C1015,584,27,8677.4,4,4,4,444,Mid
C1016,453,25,7547.27,5,3,3,533,Mid
C1017,415,29,8121.5199999999995,5,4,4,544,Mid
C1018,740,23,7586.42,2,2,3,223,Low-Value
C1019,610,28,9475.880000000001,4,4,5,445,Mid
C1020,713,25,7568.85,2,3,3,233,Low-Value
C1021,637,29,9506.52,4,4,5,445,Mid
C1022,563,20,6657.58,5,1,2,512,Low-Value
C1023,644,25,8001.07,4,3,3,433,Mid
C1024,377,27,6822.26,5,4,2,542,Low-Value
C1025,720,22,6914.02,2,2,2,222,Low-Value
C1026,814,20,8087.66,1,1,4,114,Low-Value
C1027,764,18,6203.9,1,1,2,112,Low-Value
C1028,740,30,7869.93,2,5,3,253,Low-Value
C1029,710,25,7465.32,2,3,3,233,Low-Value
C1030,823,16,4612.84,1,1,1,111,Low-Value
C1031,762,25,7253.78,1,3,3,133,Low-Value
C1032,721,25,9529.130000000001,2,3,5,235,Low-Value
C1033,717,29,7739.05,2,4,3,243,Low-Value
C1034,754,23,8874.76,1,2,4,124,Low-Value
C1035,441,27,6130.11,5,4,2,542,Low-Value
C1036,784,22,6330.99,1,2,2,122,Low-Value
C1037,650,25,7728.58,4,3,3,433,Mid
C1038,800,21,6463.7699999999995,1,1,2,112,Low-Value
C1039,694,21,6132.78,3,1,2,312,Low-Value
C1040,380,26,7882.02,5,3,3,533,Mid
C1041,876,18,5834.7,1,1,1,111,Low-Value
C1042,540,17,3510.59,5,1,1,511,Low-Value
C1043,666,35,11452.11,3,5,5,355,Mid
C1044,587,22,7899.81,4,2,3,423,Low-Value
C1045,691,21,7070.6900000000005,3,1,2,312,Low-Value
C1046,508,30,9630.36,5,5,5,555,Mid
C1047,654,29,8169.75,3,4,4,344,Mid
C1048,735,30,11290.76,2,5,5,255,Low-Value
C1049,596,25,6694.61,4,3,2,432,Low-Value
C1050,401,28,9746.56,5,4,5,545,Mid
C1051,745,26,7259.18,2,3,3,233,Low-Value
C1052,790,42,9543.36,1,5,5,155,Low-Value
C1053,623,32,8691.52,4,5,4,454,Mid
C1054,662,29,7889.78,3,4,3,343,Mid
C1055,375,22,4610.47,5,2,1,521,Low-Value
C1056,567,20,5966.5,5,1,1,511,Low-Value
C1057,550,24,7733.47,5,2,3,523,Low-Value
C1058,612,15,4254.21,4,1,1,411,Low-Value
C1059,740,32,9868.77,2,5,5,255,Low-Value
C1060,680,26,9295.39,3,3,4,334,Mid
C1061,773,29,7882.15,1,4,3,143,Low-Value
C1062,692,21,7241.49,3,1,3,313,Low-Value
C1063,783,22,7678.38,1,2,3,123,Low-Value
C1064,621,20,6669.599999999999,4,1,2,412,Low-Value
C1065,760,25,6210.96,1,3,2,132,Low-Value
C1066,633,33,12126.779999999999,4,5,5,455,Mid
C1067,656,24,7234.33,3,2,3,323,Low-Value
C1068,690,29,11133.65,3,4,5,345,Mid
C1069,746,17,5161.06,2,1,1,211,Low-Value
C1070,763,22,6428.599999999999,1,2,2,122,Low-Value
C1071,425,22,8211.19,5,2,4,524,Low-Value
C1072,721,24,7767.33,2,2,3,223,Low-Value
C1073,716,25,6488.12,2,3,2,232,Low-Value
C1074,504,21,6127.33,5,1,2,512,Low-Value
C1075,550,32,10490.41,5,5,5,555,Mid
C1076,696,32,9894.73,3,5,5,355,Mid
C1077,730,25,6806.26,2,3,2,232,Low-Value
C1078,808,22,8258.8,1,2,4,124,Low-Value
C1079,783,16,4122.77,1,1,1,111,Low-Value
C1080,647,25,5870.64,4,3,1,431,Low-Value
C1081,574,19,5499.77,5,1,1,511,Low-Value
C1082,700,25,8260.86,3,3,4,334,Mid
C1083,362,22,7353.5599999999995,5,2,3,523,Low-Value
C1084,610,24,7441.94,4,2,3,423,Low-Value
C1085,599,36,10066.04,4,5,5,455,Mid
C1086,777,25,6753.13,1,3,2,132,Low-Value
C1087,632,25,6894.06,4,3,2,432,Low-Value
C1088,712,23,5354.2,2,2,1,221,Low-Value
C1089,743,30,9644.81,2,5,5,255,Low-Value
C1090,708,24,7166.87,2,2,3,223,Low-Value
C1091,627,23,6112.11,4,2,2,422,Low-Value
C1092,699,31,9820.26,3,5,5,355,Mid
C1093,700,31,9851.42,3,5,5,355,Mid
C1094,645,21,6252.48,4,1,2,412,Low-Value
C1095,663,24,8127.56,3,2,4,324,Low-Value
C1096,462,34,9658.710000000001,5,5,5,555,Mid
C1097,606,14,3530.12,4,1,1,411,Low-Value
C1098,827,19,4717.88,1,1,1,111,Low-Value
C1099,659,22,6646.610000000001,3,2,2,322,Low-Value
C1100,739,24,6167.389999999999,2,2,2,222,Low-Value
C1101,771,22,8446.4,1,2,4,124,Low-Value
C1102,761,26,9411.5,1,3,5,135,Low-Value
C1103,452,28,7379.49,5,4,3,543,Mid
C1104,736,20,5125.52,2,1,1,211,Low-Value
C1105,728,21,6594.77,2,1,2,212,Low-Value
C1106,742,25,9160.08,2,3,4,234,Low-Value
C1107,794,23,5941.56,1,2,1,121,Low-Value
C1108,628,23,8467.82,4,2,4,424,Low-Value
C1109,679,27,9487.6,3,4,5,345,Mid
C1110,679,26,7452.34,3,3,3,333,Mid
C1111,678,28,9603.6,3,4,5,345,Mid
C1112,566,26,6468.52,5,3,2,532,Low-Value
C1113,744,16,6871.66,2,1,2,212,Low-Value
C1114,716,30,9658.43,2,5,5,255,Low-Value
C1115,637,26,7243.4400000000005,4,3,3,433,Mid
C1116,637,22,6443.5199999999995,4,2,2,422,Low-Value
C1117,761,26,7128.22,1,3,2,132,Low-Value
C1118,762,19,5234.16,1,1,1,111,Low-Value
C1119,727,22,7335.32,2,2,3,223,Low-Value
C1120,658,26,7776.2,3,3,3,333,Mid
C1121,740,32,10663.64,2,5,5,255,Low-Value
C1122,729,23,9140.8,2,2,4,224,Low-Value
C1123,774,27,6409.64,1,4,2,142,Low-Value
C1124,463,27,8462.89,5,4,4,544,Mid
C1125,642,29,10658.55,4,4,5,445,Mid
C1126,492,23,7758.43,5,2,3,523,Low-Value
C1127,667,16,3481.07,3,1,1,311,Low-Value
C1128,678,22,7082.75,3,2,2,322,Low-Value
C1129,459,28,7571.51,5,4,3,543,Mid
C1130,245,26,8107.6900000000005,5,3,4,534,Mid
C1131,607,22,8702.03,4,2,4,424,Low-Value
C1132,800,20,7264.43,1,1,3,113,Low-Value
C1133,636,23,5247.110000000001,4,2,1,421,Low-Value
C1134,763,21,6360.57,1,1,2,112,Low-Value
C1135,756,27,8869.27,1,4,4,144,Low-Value
C1136,807,20,6937.1,1,1,2,112,Low-Value
C1137,606,37,9831.99,4,5,5,455,Mid
C1138,713,29,7529.05,2,4,3,243,Low-Value
C1139,722,25,7759.4,2,3,3,233,Low-Value
C1140,656,12,4590.63,3,1,1,311,Low-Value
C1141,899,16,4459.360000000001,1,1,1,111,Low-Value
C1142,653,21,6847.29,3,1,2,312,Low-Value
C1143,639,25,8490.02,4,3,4,434,Mid
C1144,716,25,6981.64,2,3,2,232,Low-Value
C1145,648,20,8389.3,4,1,4,414,Low-Value
C1146,685,22,7483.9,3,2,3,323,Low-Value
C1147,839,23,7740.17,1,2,3,123,Low-Value
C1148,736,15,3672.32,2,1,1,211,Low-Value
C1149,622,27,9228.14,4,4,4,444,Mid
C1150,600,26,8077.53,4,3,4,434,Mid
C1151,550,24,5857.08,5,2,1,521,Low-Value
C1152,433,28,7112.83,5,4,2,542,Low-Value
C1153,718,34,11988.52,2,5,5,255,Low-Value
C1154,751,21,7076.08,2,1,2,212,Low-Value
C1155,754,21,6417.3,1,1,2,112,Low-Value
C1156,658,28,9814.27,3,4,5,345,Mid
C1157,597,23,6311.7699999999995,4,2,2,422,Low-Value
C1158,616,24,6898.1900000000005,4,2,2,422,Low-Value
C1159,715,23,7657.4400000000005,2,2,3,223,Low-Value
C1160,671,28,6836.76,3,4,2,342,Low-Value
C1161,575,27,8704.35,5,4,4,544,Mid
C1162,783,30,7043.37,1,5,2,152,Low-Value
C1163,727,29,8630.67,2,4,4,244,Low-Value
C1164,628,28,8475.09,4,4,4,444,Mid
C1165,675,27,6825.34,3,4,2,342,Low-Value
C1166,601,18,8014.18,4,1,3,413,Low-Value
C1167,630,23,9549.26,4,2,5,425,Low-Value
C1168,576,30,9892.97,5,5,5,555,Mid
C1169,588,25,5666.5599999999995,4,3,1,431,Low-Value
C1170,695,25,8830.55,3,3,4,334,Mid
C1171,594,28,8876.73,4,4,4,444,Mid
C1172,664,24,9163.18,3,2,4,324,Low-Value
C1173,672,28,7567.14,3,4,3,343,Mid
C1174,656,28,9719.15,3,4,5,345,Mid
C1175,782,24,7250.26,1,2,3,123,Low-Value
C1176,794,25,8668.61,1,3,4,134,Low-Value
C1177,648,28,7792.1900000000005,4,4,3,443,Mid
C1178,674,28,9440.55,3,4,5,345,Mid
C1179,581,23,9370.789999999999,4,2,5,425,Low-Value
C1180,576,25,9426.89,5,3,5,535,Mid
C1181,716,27,6078.0,2,4,2,242,Low-Value
C1182,743,29,8956.02,2,4,4,244,Low-Value
C1183,711,33,7531.23,2,5,3,253,Low-Value
C1184,682,25,8134.83,3,3,4,334,Mid
C1185,614,30,7980.55,4,5,3,453,Mid
C1186,772,15,4394.14,1,1,1,111,Low-Value
C1187,570,21,5016.93,5,1,1,511,Low-Value
C1188,582,27,7455.01,4,4,3,443,Mid
C1189,544,26,9140.08,5,3,4,534,Mid
C1190,614,31,10124.81,4,5,5,455,Mid
C1191,732,34,11911.23,2,5,5,255,Low-Value
C1192,681,22,7103.54,3,2,2,322,Low-Value
C1193,653,23,7935.18,3,2,3,323,Low-Value
C1194,611,24,8494.92,4,3,4,434,Mid
C1195,622,16,4175.1900000000005,4,1,1,411,Low-Value
C1196,499,29,9548.02,5,4,5,545,Mid
C1197,686,32,10479.16,3,5,5,355,Mid
C1198,873,28,7233.72,1,4,3,143,Low-Value
C1199,720,24,7383.33,2,3,3,233,Low-Value
C1200,633,30,7285.36,4,5,3,453,Mid
C1201,662,24,6610.5,3,3,2,332,Low-Value
C1202,806,25,8450.33,1,3,4,134,Low-Value
C1203,773,19,6000.2,1,1,1,111,Low-Value
C1204,672,37,11700.31,3,5,5,355,Mid
C1205,528,29,10627.220000000001,5,4,5,545,Mid
C1206,569,21,7072.12,5,1,2,512,Low-Value
C1207,566,24,6760.94,5,3,2,532,Low-Value
C1208,580,14,4457.32,4,1,1,411,Low-Value
C1209,715,27,6452.6900000000005,2,4,2,242,Low-Value
C1210,738,29,7727.68,2,4,3,243,Low-Value
C1211,746,25,9880.24,2,3,5,235,Low-Value
C1212,558,31,9218.91,5,5,4,554,Mid
C1213,594,21,6792.01,4,1,2,412,Low-Value
C1214,713,30,8975.460000000001,2,5,4,254,Low-Value
C1215,741,25,7369.82,2,3,3,233,Low-Value
C1216,814,21,5734.59,1,1,1,111,Low-Value
C1217,349,23,8354.47,5,2,4,524,Low-Value
C1218,514,29,11008.890000000001,5,4,5,545,Mid
C1219,690,18,7069.86,3,1,2,312,Low-Value
C1220,631,21,6150.46,4,1,2,412,Low-Value
C1221,829,19,5164.84,1,1,1,111,Low-Value
C1222,734,25,6831.85,2,3,2,232,Low-Value
C1223,662,25,7599.32,3,3,3,333,Mid
C1224,576,18,4421.32,5,1,1,511,Low-Value
C1225,617,22,4756.79,4,2,1,421,Low-Value
C1226,572,29,10167.93,5,4,5,545,Mid
C1227,638,29,7951.35,4,4,3,443,Mid
C1228,673,21,5738.51,3,1,1,311,Low-Value
C1229,634,20,6668.18,4,1,2,412,Low-Value
C1230,754,22,9916.3,1,2,5,125,Low-Value
C1231,669,21,5557.73,3,1,1,311,Low-Value
C1232,520,27,5313.82,5,4,1,541,Low-Value
C1233,689,25,6618.2699999999995,3,3,2,332,Low-Value
C1234,685,28,6975.04,3,4,2,342,Low-Value
C1235,399,26,8386.75,5,3,4,534,Mid
C1236,753,26,6992.83,2,3,2,232,Low-Value
C1237,656,27,9037.49,3,4,4,344,Mid
C1238,681,21,7230.31,3,1,3,313,Low-Value
C1239,676,15,4266.280000000001,3,1,1,311,Low-Value
C1240,656,30,7959.85,3,5,3,353,Mid
C1241,793,24,5577.84,1,3,1,131,Low-Value
C1242,752,25,6978.26,2,3,2,232,Low-Value
C1243,703,21,6259.34,3,1,2,312,Low-Value
C1244,612,18,6068.55,4,1,2,412,Low-Value
C1245,567,29,10426.24,5,4,5,545,Mid
C1246,581,23,5708.5599999999995,4,2,1,421,Low-Value
C1247,739,25,11123.55,2,3,5,235,Low-Value
C1248,784,26,7298.700000000001,1,3,3,133,Low-Value
C1249,715,17,6529.4,2,1,2,212,Low-Value
C1250,833,22,5599.57,1,2,1,121,Low-Value
C1251,497,27,9109.61,5,4,4,544,Mid
C1252,622,23,7107.34,4,2,2,422,Low-Value
C1253,689,17,7524.63,3,1,3,313,Low-Value
C1254,693,27,11019.77,3,4,5,345,Mid
C1255,717,18,5681.56,2,1,1,211,Low-Value
C1256,471,29,9066.2,5,4,4,544,Mid
C1257,722,26,8595.31,2,3,4,234,Low-Value
C1258,636,31,7921.6900000000005,4,5,3,453,Mid
C1259,240,35,10814.88,5,5,5,555,Mid
C1260,672,28,9768.48,3,4,5,345,Mid
C1261,599,25,8638.11,4,3,4,434,Mid
C1262,845,26,7392.52,1,3,3,133,Low-Value
C1263,730,22,7611.85,2,2,3,223,Low-Value
C1264,639,24,7730.6,4,3,3,433,Mid
C1265,786,26,10082.23,1,3,5,135,Low-Value
C1266,588,17,4645.11,4,1,1,411,Low-Value
C1267,685,31,9894.37,3,5,5,355,Mid
C1268,638,23,4192.57,4,2,1,421,Low-Value
C1269,757,24,9040.83,1,3,4,134,Low-Value
C1270,445,23,7081.01,5,2,2,522,Low-Value
C1271,272,25,7311.59,5,3,3,533,Mid
C1272,599,25,8025.009999999999,4,3,3,433,Mid
C1273,835,26,8626.35,1,3,4,134,Low-Value
C1274,727,24,6595.09,2,3,2,232,Low-Value
C1275,632,24,7963.11,4,3,3,433,Mid
C1276,838,17,5035.28,1,1,1,111,Low-Value
C1277,403,31,8837.470000000001,5,5,4,554,Mid
C1278,667,27,7175.52,3,4,3,343,Mid
C1279,525,27,5356.74,5,4,1,541,Low-Value
C1280,781,15,5140.07,1,1,1,111,Low-Value
C1281,481,27,9696.17,5,4,5,545,Mid
C1282,557,22,8694.86,5,2,4,524,Low-Value
C1283,745,28,8872.33,2,4,4,244,Low-Value
C1284,682,13,3870.38,3,1,1,311,Low-Value
C1285,318,30,8321.23,5,5,4,554,Mid
C1286,751,27,5978.63,2,4,1,241,Low-Value
C1287,692,28,7930.7,3,4,3,343,Mid
C1288,324,26,6773.9400000000005,5,3,2,532,Low-Value
C1289,738,32,7114.46,2,5,2,252,Low-Value
C1290,807,30,7911.6,1,5,3,153,Low-Value
C1291,652,20,7079.05,3,1,2,312,Low-Value
C1292,790,22,5926.74,1,2,1,121,Low-Value
C1293,575,27,9575.09,5,4,5,545,Mid
C1294,841,33,11293.49,1,5,5,155,Low-Value
C1295,508,32,11623.14,5,5,5,555,Mid
C1296,732,22,6227.31,2,2,2,222,Low-Value
C1297,431,18,5924.86,5,1,1,511,Low-Value
C1298,566,20,5719.27,5,1,1,511,Low-Value
C1299,765,16,4469.55,1,1,1,111,Low-Value
C1300,703,19,8574.59,3,1,4,314,Low-Value
C1301,581,28,7588.7300000000005,4,4,3,443,Mid
C1302,659,31,10999.89,3,5,5,355,Mid
C1303,382,27,9636.57,5,4,5,545,Mid
C1304,695,26,7444.54,3,3,3,333,Mid
C1305,716,36,10048.64,2,5,5,255,Low-Value
C1306,794,28,7572.74,1,4,3,143,Low-Value
C1307,707,23,7423.6,2,2,3,223,Low-Value
C1308,628,19,5537.21,4,1,1,411,Low-Value
C1309,739,29,7595.74,2,4,3,243,Low-Value
C1310,713,28,8954.46,2,4,4,244,Low-Value
C1311,614,20,4938.37,4,1,1,411,Low-Value
C1312,547,25,7074.01,5,3,2,532,Low-Value
C1313,673,23,5469.14,3,2,1,321,Low-Value
C1314,594,26,8450.69,4,3,4,434,Mid
C1315,718,38,12129.52,2,5,5,255,Low-Value
C1316,768,24,6128.35,1,3,2,132,Low-Value
C1317,778,18,4725.3099999999995,1,1,1,111,Low-Value
C1318,323,23,5831.34,5,2,1,521,Low-Value
C1319,712,18,6123.03,2,1,2,212,Low-Value
C1320,797,19,6744.13,1,1,2,112,Low-Value
C1321,701,27,8458.4,3,4,4,344,Mid
C1322,706,32,10050.75,2,5,5,255,Low-Value
C1323,707,21,6783.1,2,1,2,212,Low-Value
C1324,733,21,7420.34,2,1,3,213,Low-Value
C1325,567,23,4897.87,5,2,1,521,Low-Value
C1326,538,24,6062.6,5,3,2,532,Low-Value
C1327,682,29,8399.88,3,4,4,344,Mid
C1328,825,15,4427.05,1,1,1,111,Low-Value
C1329,752,21,9390.95,2,1,5,215,Low-Value
C1330,659,23,6603.65,3,2,2,322,Low-Value
C1331,562,30,7381.24,5,5,3,553,Mid
C1332,648,23,9514.91,4,2,5,425,Low-Value
C1333,638,19,7614.67,4,1,3,413,Low-Value
C1334,669,30,11831.75,3,5,5,355,Mid
C1335,563,23,8881.18,5,2,4,524,Low-Value
C1336,676,19,6160.35,3,1,2,312,Low-Value
C1337,656,33,9211.54,3,5,4,354,Mid
C1338,745,22,6240.860000000001,2,2,2,222,Low-Value
C1339,595,26,6970.16,4,3,2,432,Low-Value
C1340,445,23,5267.6,5,2,1,521,Low-Value
C1341,679,21,6404.83,3,1,2,312,Low-Value
C1342,613,21,8627.65,4,1,4,414,Low-Value
C1343,532,21,6561.74,5,1,2,512,Low-Value
C1344,487,28,7810.9,5,4,3,543,Mid
C1345,800,19,5473.24,1,1,1,111,Low-Value
C1346,713,16,6035.67,2,1,2,212,Low-Value
C1347,811,22,6307.9,1,2,2,122,Low-Value
C1348,497,23,8983.52,5,2,4,524,Low-Value
C1349,804,30,8600.02,1,5,4,154,Low-Value
C1350,560,17,5834.82,5,1,1,511,Low-Value
C1351,780,19,6072.23,1,1,2,112,Low-Value
C1352,501,18,8675.3,5,1,4,514,Low-Value
C1353,523,25,8740.66,5,3,4,534,Mid
C1354,684,27,9499.57,3,4,5,345,Mid
C1355,538,33,10583.91,5,5,5,555,Mid
C1356,773,17,5349.8,1,1,1,111,Low-Value
C1357,452,25,7863.77,5,3,3,533,Mid
C1358,803,25,8853.02,1,3,4,134,Low-Value
C1359,596,23,9304.43,4,2,4,424,Low-Value
C1360,718,30,7667.1,2,5,3,253,Low-Value
C1361,554,18,5785.740000000001,5,1,1,511,Low-Value
C1362,673,31,9821.67,3,5,5,355,Mid
C1363,657,29,7021.360000000001,3,4,2,342,Low-Value
C1364,724,27,9917.27,2,4,5,245,Low-Value
C1365,734,23,6588.860000000001,2,2,2,222,Low-Value
C1366,616,26,7827.85,4,3,3,433,Mid
C1367,537,20,5973.13,5,1,1,511,Low-Value
C1368,731,23,7700.01,2,2,3,223,Low-Value
C1369,682,25,8276.7,3,3,4,334,Mid
C1370,715,30,7901.11,2,5,3,253,Low-Value
C1371,571,27,7943.4,5,4,3,543,Mid
C1372,634,29,8029.780000000001,4,4,3,443,Mid
C1373,698,26,5941.9400000000005,3,3,1,331,Low-Value
C1374,626,25,8532.31,4,3,4,434,Mid
C1375,625,23,6749.4400000000005,4,2,2,422,Low-Value
C1376,813,23,5242.96,1,2,1,121,Low-Value
C1377,559,23,6052.820000000001,5,2,2,522,Low-Value
C1378,750,27,8341.86,2,4,4,244,Low-Value
C1379,799,26,6410.21,1,3,2,132,Low-Value
C1380,626,32,9670.95,4,5,5,455,Mid
C1381,667,25,9468.67,3,3,5,335,Mid
C1382,699,29,9383.25,3,4,5,345,Mid
C1383,150,30,10174.6,5,5,5,555,Mid
C1384,539,26,7944.75,5,3,3,533,Mid
C1385,545,30,9067.85,5,5,4,554,Mid
C1386,533,25,8007.1,5,3,3,533,Mid
C1387,641,25,7633.41,4,3,3,433,Mid
C1388,682,22,6378.76,3,2,2,322,Low-Value
C1389,556,26,9266.91,5,3,4,534,Mid
C1390,695,22,6787.98,3,2,2,322,Low-Value
C1391,699,25,7713.81,3,3,3,333,Mid
C1392,419,23,6823.28,5,2,2,522,Low-Value
C1393,686,23,5588.96,3,2,1,321,Low-Value
C1394,685,30,9810.09,3,5,5,355,Mid
C1395,423,22,8496.82,5,2,4,524,Low-Value
C1396,638,32,9317.7,4,5,4,454,Mid
C1397,764,19,5175.4800000000005,1,1,1,111,Low-Value
C1398,587,24,8199.380000000001,4,3,4,434,Mid
C1399,676,20,7854.18,3,1,3,313,Low-Value
C1400,797,27,8189.69,1,4,4,144,Low-Value
C1401,725,28,11060.64,2,4,5,245,Low-Value
C1402,692,24,6358.23,3,3,2,332,Low-Value
C1403,401,11,3084.71,5,1,1,511,Low-Value
C1404,1,16,4725.099999999999,5,1,1,511,Low-Value
C1405,613,27,8984.44,4,4,4,444,Mid
C1406,585,38,13091.38,4,5,5,455,Mid
C1407,780,18,4744.01,1,1,1,111,Low-Value
C1408,554,26,8133.93,5,3,4,534,Mid
C1409,629,28,6989.360000000001,4,4,2,442,Low-Value
C1410,590,22,6821.92,4,2,2,422,Low-Value
C1411,712,27,8173.2699999999995,2,4,4,244,Low-Value
C1412,807,20,6727.84,1,1,2,112,Low-Value
C1413,682,32,9161.73,3,5,4,354,Mid
C1414,715,25,7980.13,2,3,3,233,Low-Value
C1415,565,21,5537.67,5,1,1,511,Low-Value
C1416,225,23,5863.87,5,2,1,521,Low-Value
C1417,510,20,5757.27,5,1,1,511,Low-Value
C1418,482,29,6491.47,5,4,2,542,Low-Value
C1419,721,23,6446.89,2,2,2,222,Low-Value
C1420,677,21,5448.83,3,1,1,311,Low-Value
C1421,677,28,9752.1,3,4,5,345,Mid
C1422,615,27,10194.960000000001,4,4,5,445,Mid
C1423,775,18,4339.0,1,1,1,111,Low-Value
C1424,773,22,7025.34,1,2,2,122,Low-Value
C1425,462,22,7893.04,5,2,3,523,Low-Value
C1426,516,18,5517.12,5,1,1,511,Low-Value
C1427,541,22,6278.54,5,2,2,522,Low-Value
C1428,626,28,7872.21,4,4,3,443,Mid
C1429,685,39,14340.32,3,5,5,355,Mid
C1430,783,29,11496.789999999999,1,4,5,145,Low-Value
C1431,624,39,9408.31,4,5,5,455,Mid
C1432,735,22,4451.59,2,2,1,221,Low-Value
C1433,646,21,4269.43,4,1,1,411,Low-Value
C1434,800,20,6371.33,1,1,2,112,Low-Value
C1435,348,22,7150.65,5,2,3,523,Low-Value
C1436,571,26,8467.97,5,3,4,534,Mid
C1437,705,20,7316.110000000001,2,1,3,213,Low-Value
C1438,656,23,7870.74,3,2,3,323,Low-Value
C1439,795,25,8787.01,1,3,4,134,Low-Value
C1440,758,20,5559.43,1,1,1,111,Low-Value
C1441,550,30,9460.02,5,5,5,555,Mid
C1442,565,24,8651.14,5,3,4,534,Mid
C1443,514,28,9499.64,5,4,5,545,Mid
C1444,544,24,9082.17,5,3,4,534,Mid
C1445,640,26,7043.88,4,3,2,432,Low-Value
C1446,810,28,7310.57,1,4,3,143,Low-Value
C1447,766,21,6554.2300000000005,1,1,2,112,Low-Value
C1448,589,39,12165.9,4,5,5,455,Mid
C1449,478,24,7082.58,5,3,2,532,Low-Value
C1450,719,18,6963.77,2,1,2,212,Low-Value
C1451,586,32,9079.71,4,5,4,454,Mid
C1452,661,26,6914.88,3,3,2,332,Low-Value
C1453,729,25,6094.99,2,3,2,232,Low-Value
C1454,530,23,7324.530000000001,5,2,3,523,Low-Value
C1455,644,35,12835.98,4,5,5,455,Mid
C1456,638,25,8620.73,4,3,4,434,Mid
C1457,758,28,7850.77,1,4,3,143,Low-Value
C1458,740,26,7801.72,2,3,3,233,Low-Value
C1459,634,25,5779.5599999999995,4,3,1,431,Low-Value
C1460,792,15,3978.85,1,1,1,111,Low-Value
C1461,465,24,6044.88,5,3,2,532,Low-Value
C1462,727,25,8645.31,2,3,4,234,Low-Value
C1463,480,30,10093.960000000001,5,5,5,555,Mid
C1464,757,25,7785.25,1,3,3,133,Low-Value
C1465,692,20,7176.84,3,1,3,313,Low-Value
C1466,687,37,11050.23,3,5,5,355,Mid
C1467,516,16,3687.05,5,1,1,511,Low-Value
C1468,677,24,10306.76,3,3,5,335,Mid
C1469,649,19,5764.7699999999995,4,1,1,411,Low-Value
C1470,817,28,7866.27,1,4,3,143,Low-Value
C1471,725,24,7160.91,2,3,3,233,Low-Value
C1472,702,23,5252.889999999999,3,2,1,321,Low-Value
C1473,576,22,7455.31,5,2,3,523,Low-Value
C1474,573,28,7709.05,5,4,3,543,Mid
C1475,445,26,7056.84,5,3,2,532,Low-Value
C1476,521,36,10983.36,5,5,5,555,Mid
C1477,657,14,5831.7699999999995,3,1,1,311,Low-Value
C1478,760,20,5097.92,1,1,1,111,Low-Value
C1479,528,25,7792.56,5,3,3,533,Mid
C1480,499,29,8480.48,5,4,4,544,Mid
C1481,710,26,5569.17,2,3,1,231,Low-Value
C1482,536,32,9029.16,5,5,4,554,Mid
C1483,561,25,7818.15,5,3,3,533,Mid
C1484,521,22,4904.59,5,2,1,521,Low-Value
C1485,745,17,6132.37,2,1,2,212,Low-Value
C1486,772,26,7468.61,1,3,3,133,Low-Value
C1487,651,20,6039.08,4,1,2,412,Low-Value
C1488,701,26,8448.08,3,3,4,334,Mid
C1489,606,28,9524.68,4,4,5,445,Mid
C1490,691,19,6440.74,3,1,2,312,Low-Value
C1491,643,22,6666.79,4,2,2,422,Low-Value
C1492,738,37,9262.85,2,5,4,254,Low-Value
C1493,650,23,5801.400000000001,4,2,1,421,Low-Value
C1494,618,17,5179.54,4,1,1,411,Low-Value
C1495,683,28,8621.48,3,4,4,344,Mid
C1496,673,28,7707.95,3,4,3,343,Mid
C1497,575,23,4665.74,5,2,1,521,Low-Value
C1498,853,14,3544.51,1,1,1,111,Low-Value
C1499,507,23,7813.31,5,2,3,523,Low-Value
C1500,728,18,4878.36,2,1,1,211,Low-Value
C1501,608,32,10754.07,4,5,5,455,Mid
C1502,774,20,4799.78,1,1,1,111,Low-Value
C1503,730,37,11617.16,2,5,5,255,Low-Value
C1504,797,28,9086.9,1,4,4,144,Low-Value
C1505,764,28,7239.59,1,4,3,143,Low-Value
C1506,739,25,10389.92,2,3,5,235,Low-Value
C1507,693,24,6350.25,3,3,2,332,Low-Value
C1508,605,23,7276.57,4,2,3,423,Low-Value
C1509,633,27,8969.4,4,4,4,444,Mid
C1510,653,25,6810.59,3,3,2,332,Low-Value
C1511,731,28,10702.91,2,4,5,245,Low-Value
C1512,752,28,10387.41,2,4,5,245,Low-Value
C1513,625,27,7763.72,4,4,3,443,Mid
C1514,658,23,7190.33,3,2,3,323,Low-Value
C1515,591,19,4513.17,4,1,1,411,Low-Value
C1516,683,19,4499.5599999999995,3,1,1,311,Low-Value
C1517,728,21,6255.88,2,1,2,212,Low-Value
C1518,639,27,6893.99,4,4,2,442,Low-Value
C1519,769,18,4538.96,1,1,1,111,Low-Value
C1520,604,22,6439.67,4,2,2,422,Low-Value
C1521,713,22,7337.11,2,2,3,223,Low-Value
C1522,701,33,9801.31,3,5,5,355,Mid
C1523,564,31,11139.72,5,5,5,555,Mid
C1524,761,21,5637.77,1,1,1,111,Low-Value
C1525,744,21,6979.71,2,1,2,212,Low-Value
C1526,599,31,10470.3,4,5,5,455,Mid
C1527,804,22,8262.58,1,2,4,124,Low-Value
C1528,375,32,8700.48,5,5,4,554,Mid
C1529,611,21,7402.15,4,1,3,413,Low-Value
C1530,708,15,4275.36,2,1,1,211,Low-Value
C1531,757,34,10829.1,1,5,5,155,Low-Value
C1532,526,25,8885.49,5,3,4,534,Mid
C1533,599,27,8413.01,4,4,4,444,Mid
C1534,774,29,8882.4,1,4,4,144,Low-Value
C1535,763,21,4821.35,1,1,1,111,Low-Value
C1536,733,22,5504.400000000001,2,2,1,221,Low-Value
C1537,635,31,11467.960000000001,4,5,5,455,Mid
C1538,728,25,8163.83,2,3,4,234,Low-Value
C1539,765,26,8043.92,1,3,3,133,Low-Value
C1540,773,25,6985.4400000000005,1,3,2,132,Low-Value
C1541,582,22,4940.51,4,2,1,421,Low-Value
C1542,790,22,7343.79,1,2,3,123,Low-Value
C1543,717,26,8589.2,2,3,4,234,Low-Value
C1544,666,25,7214.26,3,3,3,333,Mid
C1545,681,23,8444.85,3,2,4,324,Low-Value
C1546,735,19,3914.2200000000003,2,1,1,211,Low-Value
C1547,758,20,6440.9,1,1,2,112,Low-Value
C1548,673,30,8759.369999999999,3,5,4,354,Mid
C1549,396,22,7172.03,5,2,3,523,Low-Value
C1550,721,18,4660.92,2,1,1,211,Low-Value
C1551,633,24,9547.01,4,3,5,435,Mid
C1552,633,25,5813.12,4,3,1,431,Low-Value
C1553,368,34,8721.65,5,5,4,554,Mid
C1554,727,19,6833.87,2,1,2,212,Low-Value
C1555,615,24,5965.0599999999995,4,3,1,431,Low-Value
C1556,695,31,11118.33,3,5,5,355,Mid
C1557,617,24,6304.15,4,3,2,432,Low-Value
C1558,628,31,8841.26,4,5,4,454,Mid
C1559,761,19,4914.39,1,1,1,111,Low-Value
C1560,685,30,11035.05,3,5,5,355,Mid
C1561,755,18,5041.93,1,1,1,111,Low-Value
C1562,649,19,4867.71,4,1,1,411,Low-Value
C1563,749,25,9199.03,2,3,4,234,Low-Value
C1564,554,27,10778.07,5,4,5,545,Mid
C1565,684,26,7556.92,3,3,3,333,Mid
C1566,770,21,6110.53,1,1,2,112,Low-Value
C1567,757,24,7195.83,1,3,3,133,Low-Value
C1568,646,25,5469.34,4,3,1,431,Low-Value
C1569,663,36,11801.54,3,5,5,355,Mid
C1570,579,31,8737.87,4,5,4,454,Mid
C1571,687,29,8190.17,3,4,4,344,Mid
C1572,382,28,8602.36,5,4,4,544,Mid
C1573,670,25,9544.83,3,3,5,335,Mid
C1574,868,16,7917.56,1,1,3,113,Low-Value
C1575,628,21,6478.32,4,1,2,412,Low-Value
C1576,685,24,6837.51,3,3,2,332,Low-Value
C1577,649,18,3863.14,4,1,1,411,Low-Value
C1578,825,23,6860.68,1,2,2,122,Low-Value
C1579,279,31,8373.19,5,5,4,554,Mid
C1580,774,18,5177.32,1,1,1,111,Low-Value
C1581,836,19,6547.82,1,1,2,112,Low-Value
C1582,725,27,7680.95,2,4,3,243,Low-Value
C1583,702,31,10800.18,3,5,5,355,Mid
C1584,479,28,7803.07,5,4,3,543,Mid
C1585,776,22,7289.11,1,2,3,123,Low-Value
C1586,825,18,4839.12,1,1,1,111,Low-Value
C1587,727,23,7356.73,2,2,3,223,Low-Value
C1588,532,23,7453.43,5,2,3,523,Low-Value
C1589,680,28,8546.59,3,4,4,344,Mid
C1590,818,24,7127.5,1,3,2,132,Low-Value
C1591,493,26,8396.38,5,3,4,534,Mid
C1592,157,28,9973.37,5,4,5,545,Mid
C1593,719,20,5116.24,2,1,1,211,Low-Value
C1594,201,29,9271.28,5,4,4,544,Mid
C1595,529,22,7542.67,5,2,3,523,Low-Value
C1596,773,21,5364.0199999999995,1,1,1,111,Low-Value
C1597,643,16,4298.8,4,1,1,411,Low-Value
C1598,717,25,6959.86,2,3,2,232,Low-Value
C1599,490,23,6264.21,5,2,2,522,Low-Value
C1600,757,27,8517.7,1,4,4,144,Low-Value
C1601,714,26,8171.37,2,3,4,234,Low-Value
C1602,189,28,7429.3,5,4,3,543,Mid
C1603,686,24,9040.89,3,3,4,334,Mid
C1604,682,29,10067.27,3,4,5,345,Mid
C1605,565,28,9271.61,5,4,4,544,Mid
C1606,559,19,5259.28,5,1,1,511,Low-Value
C1607,753,23,7589.35,2,2,3,223,Low-Value
C1608,814,22,6484.0599999999995,1,2,2,122,Low-Value
C1609,658,14,3227.44,3,1,1,311,Low-Value
C1610,633,24,6380.87,4,3,2,432,Low-Value
C1611,682,36,9379.18,3,5,5,355,Mid
C1612,167,23,7314.15,5,2,3,523,Low-Value
C1613,789,26,8459.43,1,3,4,134,Low-Value
C1614,657,29,10708.89,3,4,5,345,Mid
C1615,418,28,6278.18,5,4,2,542,Low-Value
C1616,511,30,8650.03,5,5,4,554,Mid
C1617,772,27,6629.41,1,4,2,142,Low-Value
C1618,802,21,9053.79,1,1,4,114,Low-Value
C1619,661,20,6075.07,3,1,2,312,Low-Value
C1620,574,21,6635.6900000000005,5,2,2,522,Low-Value
C1621,696,23,5723.34,3,2,1,321,Low-Value
C1622,573,24,7920.6,5,3,3,533,Mid
C1623,610,30,6375.77,4,5,2,452,Low-Value
C1624,633,27,8542.880000000001,4,4,4,444,Mid
C1625,608,20,7105.91,4,1,2,412,Low-Value
C1626,732,35,9847.45,2,5,5,255,Low-Value
C1627,702,23,7366.21,3,2,3,323,Low-Value
C1628,586,21,4667.91,4,2,1,421,Low-Value
C1629,654,26,8982.47,3,3,4,334,Mid
C1630,759,23,5792.44,1,2,1,121,Low-Value
C1631,683,33,9876.06,3,5,5,355,Mid
C1632,659,22,5923.85,3,2,1,321,Low-Value
C1633,654,22,5814.13,3,2,1,321,Low-Value
C1634,770,19,5514.58,1,1,1,111,Low-Value
C1635,806,27,6900.73,1,4,2,142,Low-Value
C1636,649,30,11336.42,4,5,5,455,Mid
C1637,738,20,4485.37,2,1,1,211,Low-Value
C1638,625,28,9504.07,4,4,5,445,Mid
C1639,735,21,6079.04,2,2,2,222,Low-Value
C1640,673,21,6664.81,3,2,2,322,Low-Value
C1641,663,33,10844.619999999999,3,5,5,355,Mid
C1642,527,29,8459.22,5,4,4,544,Mid
C1643,718,20,6738.78,2,1,2,212,Low-Value
C1644,619,29,8141.17,4,4,4,444,Mid
C1645,514,20,5570.360000000001,5,1,1,511,Low-Value
C1646,688,19,4515.97,3,1,1,311,Low-Value
C1647,720,29,10549.44,2,4,5,245,Low-Value
C1648,746,19,5584.38,2,1,1,211,Low-Value
C1649,758,28,6345.17,1,4,2,142,Low-Value
C1650,578,21,5769.82,4,2,1,421,Low-Value
C1651,802,30,11366.11,1,5,5,155,Low-Value
C1652,676,20,7136.28,3,1,3,313,Low-Value
C1653,665,27,9113.9,3,4,4,344,Mid
C1654,515,35,10476.79,5,5,5,555,Mid
C1655,602,28,9421.58,4,4,5,445,Mid
C1656,688,28,8198.74,3,4,4,344,Mid
C1657,722,26,7105.63,2,3,2,232,Low-Value
C1658,654,23,5966.33,3,2,1,321,Low-Value
C1659,534,24,5599.05,5,3,1,531,Low-Value
C1660,625,31,9880.02,4,5,5,455,Mid
C1661,744,25,6805.6,2,3,2,232,Low-Value
C1662,470,28,8694.7,5,4,4,544,Mid
C1663,278,21,6431.16,5,2,2,522,Low-Value
C1664,654,23,5079.04,3,2,1,321,Low-Value
C1665,755,24,6822.36,1,3,2,132,Low-Value
C1666,467,35,9440.65,5,5,5,555,Mid
C1667,744,23,4535.72,2,2,1,221,Low-Value
C1668,624,24,10780.85,4,3,5,435,Mid
C1669,712,25,8949.3,2,3,4,234,Low-Value
C1670,766,28,6984.01,1,4,2,142,Low-Value
C1671,665,28,6870.21,3,4,2,342,Low-Value
C1672,789,22,7040.37,1,2,2,122,Low-Value
C1673,712,22,7930.49,2,2,3,223,Low-Value
C1674,780,24,8541.38,1,3,4,134,Low-Value
C1675,844,22,7365.08,1,2,3,123,Low-Value
C1676,618,32,10547.75,4,5,5,455,Mid
C1677,727,25,6647.88,2,3,2,232,Low-Value
C1678,636,28,7216.81,4,4,3,443,Mid
C1679,530,20,6427.87,5,1,2,512,Low-Value
C1680,660,25,7166.92,3,3,3,333,Mid
C1681,669,23,4265.7,3,2,1,321,Low-Value
C1682,550,25,7764.09,5,3,3,533,Mid
C1683,671,26,5967.84,3,3,1,331,Low-Value
C1684,801,23,8810.6,1,2,4,124,Low-Value
C1685,635,27,7651.17,4,4,3,443,Mid
C1686,837,27,7383.47,1,4,3,143,Low-Value
C1687,569,24,7790.18,5,3,3,533,Mid
C1688,501,27,7853.74,5,4,3,543,Mid
C1689,512,24,6458.2300000000005,5,3,2,532,Low-Value
C1690,683,23,6253.61,3,2,2,322,Low-Value
C1691,634,35,10597.14,4,5,5,455,Mid
C1692,788,17,4031.09,1,1,1,111,Low-Value
C1693,599,20,5012.9,4,1,1,411,Low-Value
C1694,588,21,7230.19,4,2,3,423,Low-Value
C1695,747,26,9109.539999999999,2,3,4,234,Low-Value
C1696,767,35,9405.95,1,5,5,155,Low-Value
C1697,718,21,7739.49,2,2,3,223,Low-Value
C1698,808,20,5734.72,1,1,1,111,Low-Value
C1699,548,39,14261.07,5,5,5,555,Mid
C1700,747,14,2916.3199999999997,2,1,1,211,Low-Value
C1701,613,30,9316.14,4,5,4,454,Mid
C1702,685,27,8050.43,3,4,3,343,Mid
C1703,187,20,5261.7699999999995,5,1,1,511,Low-Value
C1704,733,29,8520.2,2,4,4,244,Low-Value
C1705,737,33,9943.19,2,5,5,255,Low-Value
C1706,684,22,7021.08,3,2,2,322,Low-Value
C1707,482,25,5772.66,5,3,1,531,Low-Value
C1708,714,17,4585.37,2,1,1,211,Low-Value
C1709,620,23,7918.04,4,2,3,423,Low-Value
C1710,749,25,8061.51,2,3,3,233,Low-Value
C1711,759,25,5980.65,1,3,1,131,Low-Value
C1712,721,24,6939.1,2,3,2,232,Low-Value
C1713,740,28,6039.1,2,4,2,242,Low-Value
C1714,816,22,7783.87,1,2,3,123,Low-Value
C1715,772,19,5083.27,1,1,1,111,Low-Value
C1716,489,25,8239.02,5,3,4,534,Mid
C1717,843,16,4254.17,1,1,1,111,Low-Value
C1718,672,25,7638.1,3,3,3,333,Mid
C1719,692,33,9166.07,3,5,4,354,Mid
C1720,728,30,7660.61,2,5,3,253,Low-Value
C1721,591,20,5199.21,4,1,1,411,Low-Value
C1722,639,22,7958.54,4,2,3,423,Low-Value
C1723,716,16,3875.32,2,1,1,211,Low-Value
C1724,674,29,9101.01,3,4,4,344,Mid
C1725,351,20,7084.9,5,1,2,512,Low-Value
C1726,567,20,5254.95,5,1,1,511,Low-Value
C1727,539,24,9031.75,5,3,4,534,Mid
C1728,461,20,6011.81,5,1,2,512,Low-Value
C1729,661,23,9060.0,3,2,4,324,Low-Value
C1730,776,25,8206.8,1,3,4,134,Low-Value
C1731,733,24,7888.86,2,3,3,233,Low-Value
C1732,573,19,6493.52,5,1,2,512,Low-Value
C1733,542,31,8449.58,5,5,4,554,Mid
C1734,571,22,5466.01,5,2,1,521,Low-Value
C1735,709,29,10821.24,2,4,5,245,Low-Value
C1736,777,23,6178.77,1,2,2,122,Low-Value
C1737,609,34,9157.91,4,5,4,454,Mid
C1738,595,27,8924.37,4,4,4,444,Mid
C1739,570,30,9779.43,5,5,5,555,Mid
C1740,744,29,8437.529999999999,2,4,4,244,Low-Value
C1741,680,35,10985.82,3,5,5,355,Mid
C1742,716,15,4039.57,2,1,1,211,Low-Value
C1743,799,17,4100.110000000001,1,1,1,111,Low-Value
C1744,533,26,8941.06,5,3,4,534,Mid
C1745,637,33,8558.7,4,5,4,454,Mid
C1746,677,24,7215.57,3,3,3,333,Mid
C1747,716,25,8196.46,2,3,4,234,Low-Value
C1748,589,23,5828.76,4,2,1,421,Low-Value
C1749,801,22,6268.87,1,2,2,122,Low-Value
C1750,421,27,9410.23,5,4,5,545,Mid
C1751,769,10,2940.69,1,1,1,111,Low-Value
C1752,772,18,5995.41,1,1,1,111,Low-Value
C1753,715,19,6766.31,2,1,2,212,Low-Value
C1754,585,35,9957.44,4,5,5,455,Mid
C1755,778,27,7579.93,1,4,3,143,Low-Value
C1756,770,34,9752.76,1,5,5,155,Low-Value
C1757,616,22,9033.48,4,2,4,424,Low-Value
C1758,723,19,5816.6,2,1,1,211,Low-Value
C1759,623,24,8356.56,4,3,4,434,Mid
C1760,644,18,6497.74,4,1,2,412,Low-Value
C1761,698,26,8551.53,3,3,4,334,Mid
C1762,594,23,7323.59,4,2,3,423,Low-Value
C1763,786,21,6713.76,1,2,2,122,Low-Value
C1764,732,39,13461.94,2,5,5,255,Low-Value
C1765,641,34,9770.31,4,5,5,455,Mid
C1766,669,28,5809.66,3,4,1,341,Low-Value
C1767,767,29,8359.11,1,4,4,144,Low-Value
C1768,620,33,8920.0,4,5,4,454,Mid
C1769,775,23,6413.19,1,2,2,122,Low-Value
C1770,608,21,5778.38,4,2,1,421,Low-Value
C1771,794,22,8689.12,1,2,4,124,Low-Value
C1772,584,33,11106.06,4,5,5,455,Mid
C1773,353,34,10387.52,5,5,5,555,Mid
C1774,837,17,4604.35,1,1,1,111,Low-Value
C1775,571,23,7435.77,5,2,3,523,Low-Value
C1776,847,23,9743.86,1,2,5,125,Low-Value
C1777,706,23,9084.39,2,2,4,224,Low-Value
C1778,631,33,11743.32,4,5,5,455,Mid
C1779,786,20,7301.87,1,1,3,113,Low-Value
C1780,691,30,11191.9,3,5,5,355,Mid
C1781,559,39,13578.56,5,5,5,555,Mid
C1782,744,17,5467.23,2,1,1,211,Low-Value
C1783,525,32,9789.19,5,5,5,555,Mid
C1784,395,18,5495.14,5,1,1,511,Low-Value
C1785,688,26,5381.24,3,3,1,331,Low-Value
C1786,734,27,9409.72,2,4,5,245,Low-Value
C1787,558,23,6884.45,5,2,2,522,Low-Value
C1788,596,27,6872.2,4,4,2,442,Low-Value
C1789,466,21,7593.67,5,2,3,523,Low-Value
C1790,769,22,9459.81,1,2,5,125,Low-Value
C1791,793,20,4964.62,1,1,1,111,Low-Value
C1792,587,23,6428.83,4,2,2,422,Low-Value
C1793,677,32,11276.32,3,5,5,355,Mid
C1794,398,23,6237.51,5,2,2,522,Low-Value
C1795,625,26,7704.98,4,3,3,433,Mid
C1796,821,29,9812.84,1,4,5,145,Low-Value
C1797,673,30,8470.210000000001,3,5,4,354,Mid
C1798,687,26,10343.14,3,3,5,335,Mid
C1799,725,30,8648.73,2,5,4,254,Low-Value
C1800,555,39,10074.69,5,5,5,555,Mid
C1801,653,23,7716.48,3,2,3,323,Low-Value
C1802,566,20,6647.28,5,1,2,512,Low-Value
C1803,539,31,11454.25,5,5,5,555,Mid
C1804,717,27,8913.76,2,4,4,244,Low-Value
C1805,789,30,9670.91,1,5,5,155,Low-Value
C1806,332,16,5847.56,5,1,1,511,Low-Value
C1807,677,23,7300.03,3,2,3,323,Low-Value
C1808,503,21,5672.77,5,2,1,521,Low-Value
C1809,565,26,5892.29,5,3,1,531,Low-Value
C1810,684,28,9233.94,3,4,4,344,Mid
C1811,528,25,7306.98,5,3,3,533,Mid
C1812,773,27,6994.07,1,4,2,142,Low-Value
C1813,567,26,7157.06,5,3,3,533,Mid
C1814,632,27,8731.36,4,4,4,444,Mid
C1815,688,32,9734.23,3,5,5,355,Mid
C1816,707,18,5180.22,2,1,1,211,Low-Value
C1817,549,26,9528.15,5,3,5,535,Mid
C1818,690,21,7970.650000000001,3,2,3,323,Low-Value
C1819,709,28,8154.820000000001,2,4,4,244,Low-Value
C1820,421,29,7807.74,5,4,3,543,Mid
C1821,807,16,4684.2699999999995,1,1,1,111,Low-Value
C1822,694,31,9127.07,3,5,4,354,Mid
C1823,676,24,7927.77,3,3,3,333,Mid
C1824,632,18,7227.88,4,1,3,413,Low-Value
C1825,790,21,7967.150000000001,1,2,3,123,Low-Value
C1826,303,22,5831.21,5,2,1,521,Low-Value
C1827,624,30,9083.89,4,5,4,454,Mid
C1828,672,29,10261.36,3,4,5,345,Mid
C1829,653,28,9778.58,3,4,5,345,Mid
C1830,850,19,5118.01,1,1,1,111,Low-Value
C1831,728,31,8569.77,2,5,4,254,Low-Value
C1832,697,29,9886.7,3,4,5,345,Mid
C1833,395,31,7460.599999999999,5,5,3,553,Mid
C1834,682,16,4931.73,3,1,1,311,Low-Value
C1835,510,22,8145.74,5,2,4,524,Low-Value
C1836,756,25,5834.64,1,3,1,131,Low-Value
C1837,660,23,7921.1,3,2,3,323,Low-Value
C1838,657,21,9874.92,3,2,5,325,Low-Value
C1839,756,27,6526.51,1,4,2,142,Low-Value
C1840,120,24,4826.96,5,3,1,531,Low-Value
C1841,577,27,9080.69,4,4,4,444,Mid
C1842,721,22,6306.31,2,2,2,222,Low-Value
C1843,752,24,6532.85,2,3,2,232,Low-Value
C1844,423,20,6458.4,5,1,2,512,Low-Value
C1845,562,23,7464.51,5,2,3,523,Low-Value
C1846,372,26,7212.17,5,3,3,533,Mid
C1847,702,33,10681.25,3,5,5,355,Mid
C1848,754,26,9097.56,1,3,4,134,Low-Value
C1849,569,21,5262.49,5,2,1,521,Low-Value
C1850,763,26,10376.86,1,3,5,135,Low-Value
C1851,698,30,9569.15,3,5,5,355,Mid
C1852,695,28,9659.09,3,4,5,345,Mid
C1853,699,19,5352.86,3,1,1,311,Low-Value
C1854,809,24,9007.18,1,3,4,134,Low-Value
C1855,774,32,9984.02,1,5,5,155,Low-Value
C1856,640,21,6107.0,4,2,2,422,Low-Value
C1857,376,28,9298.53,5,4,4,544,Mid
C1858,556,31,8242.949999999999,5,5,4,554,Mid
C1859,676,24,5903.9,3,3,1,331,Low-Value
C1860,645,17,4842.4,4,1,1,411,Low-Value
C1861,725,34,9965.77,2,5,5,255,Low-Value
C1862,739,22,4846.89,2,2,1,221,Low-Value
C1863,612,21,6424.75,4,2,2,422,Low-Value
C1864,694,32,9590.11,3,5,5,355,Mid
C1865,455,34,13778.44,5,5,5,555,Mid
C1866,710,29,7602.13,2,4,3,243,Low-Value
C1867,763,34,11404.92,1,5,5,155,Low-Value
C1868,608,35,12409.11,4,5,5,455,Mid
C1869,578,20,8693.91,4,1,4,414,Low-Value
C1870,702,21,8173.679999999999,3,2,4,324,Low-Value
C1871,642,28,7862.76,4,4,3,443,Mid
C1872,683,30,11443.09,3,5,5,355,Mid
C1873,695,30,8717.32,3,5,4,354,Mid
C1874,578,23,4562.49,4,2,1,421,Low-Value
C1875,501,25,10172.48,5,3,5,535,Mid
C1876,797,22,7235.15,1,2,3,123,Low-Value
C1877,694,24,8202.84,3,3,4,334,Mid
C1878,682,23,6254.6,3,2,2,322,Low-Value
C1879,702,24,6894.29,3,3,2,332,Low-Value
C1880,752,23,6048.8,2,2,2,222,Low-Value
C1881,403,20,7542.78,5,1,3,513,Low-Value
C1882,634,30,9085.31,4,5,4,454,Mid
C1883,570,28,9646.29,5,4,5,545,Mid
C1884,709,30,9500.86,2,5,5,255,Low-Value
C1885,817,24,9392.49,1,3,5,135,Low-Value
C1886,810,24,7837.8,1,3,3,133,Low-Value
C1887,773,22,6571.1,1,2,2,122,Low-Value
C1888,684,29,11118.1,3,4,5,345,Mid
C1889,795,27,8466.79,1,4,4,144,Low-Value
C1890,718,30,9850.48,2,5,5,255,Low-Value
C1891,792,28,11290.880000000001,1,4,5,145,Low-Value
C1892,622,30,8599.07,4,5,4,454,Mid
C1893,797,19,5522.73,1,1,1,111,Low-Value
C1894,557,26,6513.8,5,3,2,532,Low-Value
C1895,543,18,4542.8,5,1,1,511,Low-Value
C1896,670,30,7707.93,3,5,3,353,Mid
C1897,569,32,8178.639999999999,5,5,4,554,Mid
C1898,646,28,6162.75,4,4,2,442,Low-Value
C1899,732,25,8825.74,2,3,4,234,Low-Value
C1900,621,25,9543.71,4,3,5,435,Mid
C1901,657,29,12128.34,3,4,5,345,Mid
C1902,628,21,6454.9,4,2,2,422,Low-Value
C1903,738,28,9327.42,2,4,5,245,Low-Value
C1904,728,20,8670.45,2,1,4,214,Low-Value
C1905,836,29,11026.44,1,4,5,145,Low-Value
C1906,760,23,6642.91,1,2,2,122,Low-Value
C1907,677,19,6661.32,3,1,2,312,Low-Value
C1908,764,29,10274.43,1,4,5,145,Low-Value
C1909,645,23,5799.8,4,2,1,421,Low-Value
C1910,594,23,4635.41,4,2,1,421,Low-Value
C1911,799,20,6693.61,1,1,2,112,Low-Value
C1912,781,20,6954.8099999999995,1,1,2,112,Low-Value
C1913,590,27,11519.59,4,4,5,445,Mid
C1914,529,30,8783.83,5,5,4,554,Mid
C1915,628,18,5824.54,4,1,1,411,Low-Value
C1916,718,26,7048.27,2,3,2,232,Low-Value
C1917,727,17,4338.64,2,1,1,211,Low-Value
C1918,639,30,7536.65,4,5,3,453,Mid
C1919,459,29,6438.02,5,4,2,542,Low-Value
C1920,472,26,8036.33,5,3,3,533,Mid
C1921,730,25,7991.71,2,3,3,233,Low-Value
C1922,808,23,6650.32,1,2,2,122,Low-Value
C1923,808,23,6072.71,1,2,2,122,Low-Value
C1924,720,24,7474.5,2,3,3,233,Low-Value
C1925,668,25,8861.01,3,3,4,334,Mid
C1926,658,30,8745.66,3,5,4,354,Mid
C1927,696,24,8785.71,3,3,4,334,Mid
C1928,642,29,7786.34,4,4,3,443,Mid
C1929,649,32,10367.15,4,5,5,455,Mid
C1930,713,24,6097.91,2,3,2,232,Low-Value
C1931,549,27,9767.29,5,4,5,545,Mid
C1932,753,19,6722.95,2,1,2,212,Low-Value
C1933,771,20,5333.08,1,1,1,111,Low-Value
C1934,578,28,6767.7300000000005,4,4,2,442,Low-Value
C1935,662,17,4473.7,3,1,1,311,Low-Value
C1936,844,21,6678.39,1,2,2,122,Low-Value
C1937,615,32,9264.54,4,5,4,454,Mid
C1938,678,30,8091.78,3,5,4,354,Mid
C1939,751,23,9363.78,2,2,5,225,Low-Value
C1940,591,24,6774.2,4,3,2,432,Low-Value
C1941,600,25,5947.62,4,3,1,431,Low-Value
C1942,596,34,9446.23,4,5,5,455,Mid
C1943,770,21,7275.12,1,2,3,123,Low-Value
C1944,763,28,10691.85,1,4,5,145,Low-Value
C1945,799,25,8777.63,1,3,4,134,Low-Value
C1946,700,20,7172.57,3,1,3,313,Low-Value
C1947,641,26,5336.1,4,3,1,431,Low-Value
C1948,602,22,4912.65,4,2,1,421,Low-Value
C1949,650,25,8250.48,4,3,4,434,Mid
C1950,704,25,9238.75,2,3,4,234,Low-Value
C1951,782,23,6054.2699999999995,1,2,2,122,Low-Value
C1952,547,28,9901.4,5,4,5,545,Mid
C1953,626,19,5201.51,4,1,1,411,Low-Value
C1954,685,16,4337.5,3,1,1,311,Low-Value
C1955,713,22,6476.18,2,2,2,222,Low-Value
C1956,641,28,9035.67,4,4,4,444,Mid
C1957,551,27,12003.49,5,4,5,545,Mid
C1958,260,21,6902.46,5,2,2,522,Low-Value
C1959,586,31,12150.39,4,5,5,455,Mid
C1960,705,33,10589.96,2,5,5,255,Low-Value
C1961,716,19,6708.52,2,1,2,212,Low-Value
C1962,455,30,9115.66,5,5,4,554,Mid
C1963,456,27,7787.25,5,4,3,543,Mid
C1964,757,31,10948.21,1,5,5,155,Low-Value
C1965,760,20,5877.13,1,1,1,111,Low-Value
C1966,636,22,6401.88,4,2,2,422,Low-Value
C1967,504,28,7000.44,5,4,2,542,Low-Value
C1968,699,21,5547.1,3,2,1,321,Low-Value
C1969,756,26,9951.23,1,3,5,135,Low-Value
C1970,708,29,9945.08,2,4,5,245,Low-Value
C1971,678,25,5869.96,3,3,1,331,Low-Value
C1972,681,27,10511.41,3,4,5,345,Mid
C1973,793,24,7190.17,1,3,3,133,Low-Value
C1974,719,29,8868.33,2,4,4,244,Low-Value
C1975,603,25,8955.12,4,3,4,434,Mid
C1976,739,31,10238.31,2,5,5,255,Low-Value
C1977,769,18,4618.01,1,1,1,111,Low-Value
C1978,805,16,4408.03,1,1,1,111,Low-Value
C1979,565,25,8202.13,5,3,4,534,Mid
C1980,804,29,9590.65,1,4,5,145,Low-Value
C1981,697,19,4725.32,3,1,1,311,Low-Value
C1982,619,21,7353.72,4,2,3,423,Low-Value
C1983,774,27,6542.09,1,4,2,142,Low-Value
C1984,819,23,8860.85,1,2,4,124,Low-Value
C1985,624,22,6393.0,4,2,2,422,Low-Value
C1986,624,28,8189.83,4,4,4,444,Mid
C1987,773,27,9021.56,1,4,4,144,Low-Value
C1988,688,22,8120.91,3,2,4,324,Low-Value
C1989,431,23,5014.52,5,2,1,521,Low-Value
C1990,785,22,6722.62,1,2,2,122,Low-Value
C1991,748,18,5463.11,2,1,1,211,Low-Value
C1992,833,23,6840.8099999999995,1,2,2,122,Low-Value
C1993,502,23,7375.33,5,2,3,523,Low-Value
C1994,787,19,5219.7699999999995,1,1,1,111,Low-Value
C1995,734,30,7848.76,2,5,3,253,Low-Value
C1996,740,24,10354.85,2,3,5,235,Low-Value
C1997,733,25,9482.69,2,3,5,235,Low-Value
C1998,436,21,6388.71,5,2,2,522,Low-Value
C1999,672,25,6799.2,3,3,2,332,Low-Value
C2000,615,23,5615.84,4,2,1,421,Low-Value
C2001,693,30,9941.25,3,5,5,355,Mid
C2002,727,22,6047.07,2,2,2,222,Low-Value
C2003,587,23,7358.61,4,2,3,423,Low-Value
C2004,717,34,10669.47,2,5,5,255,Low-Value
C2005,656,35,11776.23,3,5,5,355,Mid
C2006,709,26,10065.57,2,3,5,235,Low-Value
C2007,682,24,6484.75,3,3,2,332,Low-Value
C2008,714,28,8303.630000000001,2,4,4,244,Low-Value
C2009,575,32,10020.44,5,5,5,555,Mid
C2010,805,16,3839.59,1,1,1,111,Low-Value
C2011,679,22,6992.85,3,2,2,322,Low-Value
C2012,660,28,9930.57,3,4,5,345,Mid
C2013,760,30,10790.77,1,5,5,155,Low-Value
C2014,810,25,7672.64,1,3,3,133,Low-Value
C2015,760,28,8427.27,1,4,4,144,Low-Value
C2016,586,31,11733.33,4,5,5,455,Mid
C2017,537,25,9867.039999999999,5,3,5,535,Mid
C2018,597,24,8973.77,4,3,4,434,Mid
C2019,531,24,8548.880000000001,5,3,4,534,Mid
C2020,715,28,8141.3099999999995,2,4,4,244,Low-Value
C2021,715,24,7557.0,2,3,3,233,Low-Value
C2022,848,13,4192.61,1,1,1,111,Low-Value
C2023,682,29,9143.35,3,4,4,344,Mid
C2024,625,30,6425.1,4,5,2,452,Low-Value
C2025,751,22,6733.71,2,2,2,222,Low-Value
C2026,700,24,6659.92,3,3,2,332,Low-Value
C2027,667,25,7223.849999999999,3,3,3,333,Mid
C2028,638,29,6448.39,4,4,2,442,Low-Value
C2029,620,27,6764.47,4,4,2,442,Low-Value
C2030,689,29,8570.51,3,4,4,344,Mid
C2031,792,20,4975.11,1,1,1,111,Low-Value
C2032,605,18,5138.12,4,1,1,411,Low-Value
C2033,734,24,8061.6,2,3,3,233,Low-Value
C2034,606,28,6341.860000000001,4,4,2,442,Low-Value
C2035,762,29,6476.04,1,4,2,142,Low-Value
C2036,687,29,8175.83,3,4,4,344,Mid
C2037,853,19,8082.9,1,1,4,114,Low-Value
C2038,712,28,8232.61,2,4,4,244,Low-Value
C2039,248,33,8954.289999999999,5,5,4,554,Mid
C2040,731,20,4086.42,2,1,1,211,Low-Value
C2041,514,26,8303.48,5,3,4,534,Mid
C2042,726,30,8279.26,2,5,4,254,Low-Value
C2043,680,17,3571.8,3,1,1,311,Low-Value
C2044,704,18,5944.3099999999995,2,1,1,211,Low-Value
C2045,845,19,5266.8,1,1,1,111,Low-Value
C2046,411,33,12985.970000000001,5,5,5,555,Mid
C2047,674,28,8607.43,3,4,4,344,Mid
C2048,726,21,7588.87,2,2,3,223,Low-Value
C2049,694,17,5936.88,3,1,1,311,Low-Value
C2050,748,13,4087.1,2,1,1,211,Low-Value
C2051,742,24,7476.98,2,3,3,233,Low-Value
C2052,758,24,7421.31,1,3,3,133,Low-Value
C2053,756,13,3813.86,1,1,1,111,Low-Value
C2054,737,22,7138.46,2,2,3,223,Low-Value
C2055,785,26,10434.95,1,3,5,135,Low-Value
C2056,555,24,8673.16,5,3,4,534,Mid
C2057,649,27,9402.86,4,4,5,445,Mid
C2058,532,27,5714.66,5,4,1,541,Low-Value
C2059,663,20,5433.16,3,1,1,311,Low-Value
C2060,742,22,4169.26,2,2,1,221,Low-Value
C2061,723,18,7148.94,2,1,3,213,Low-Value
C2062,664,31,7835.7,3,5,3,353,Mid
C2063,727,20,4049.57,2,1,1,211,Low-Value
C2064,276,28,9855.94,5,4,5,545,Mid
C2065,701,21,4900.64,3,2,1,321,Low-Value
C2066,735,29,8024.89,2,4,3,243,Low-Value
C2067,447,28,9082.42,5,4,4,544,Mid
C2068,764,24,7589.0199999999995,1,3,3,133,Low-Value
C2069,588,24,7523.96,4,3,3,433,Mid
C2070,451,28,7235.59,5,4,3,543,Mid
C2071,813,29,8507.87,1,4,4,144,Low-Value
C2072,662,21,5828.0,3,2,1,321,Low-Value
C2073,805,19,4462.12,1,1,1,111,Low-Value
C2074,595,26,7628.5199999999995,4,3,3,433,Mid
C2075,204,30,10206.32,5,5,5,555,Mid
C2076,808,26,8376.94,1,3,4,134,Low-Value
C2077,727,22,7913.92,2,2,3,223,Low-Value
C2078,685,22,5630.09,3,2,1,321,Low-Value
C2079,642,17,5371.32,4,1,1,411,Low-Value
C2080,678,20,5996.65,3,1,1,311,Low-Value
C2081,459,21,6244.87,5,2,2,522,Low-Value
C2082,697,28,7935.01,3,4,3,343,Mid
C2083,601,25,8599.99,4,3,4,434,Mid
C2084,815,22,6013.49,1,2,2,122,Low-Value
C2085,671,13,3393.65,3,1,1,311,Low-Value
C2086,761,32,10048.07,1,5,5,155,Low-Value
C2087,573,26,7325.33,5,3,3,533,Mid
C2088,711,17,4793.6,2,1,1,211,Low-Value
C2089,727,19,6753.86,2,1,2,212,Low-Value
C2090,716,20,5037.61,2,1,1,211,Low-Value
C2091,888,12,2324.4300000000003,1,1,1,111,Low-Value
C2092,642,16,3794.9900000000002,4,1,1,411,Low-Value
C2093,619,35,9714.119999999999,4,5,5,455,Mid
C2094,461,28,9421.17,5,4,5,545,Mid
C2095,756,31,11275.41,1,5,5,155,Low-Value
C2096,673,17,4359.24,3,1,1,311,Low-Value
C2097,704,23,6915.98,2,2,2,222,Low-Value
C2098,800,22,7886.17,1,2,3,123,Low-Value
C2099,494,23,6740.8099999999995,5,2,2,522,Low-Value
C2100,775,27,8244.65,1,4,4,144,Low-Value
C2101,686,30,8882.43,3,5,4,354,Mid
C2102,588,21,3469.5,4,2,1,421,Low-Value
C2103,790,18,5308.400000000001,1,1,1,111,Low-Value
C2104,722,20,5231.63,2,1,1,211,Low-Value
C2105,530,30,11566.48,5,5,5,555,Mid
C2106,636,28,7443.64,4,4,3,443,Mid
C2107,711,21,4903.73,2,2,1,221,Low-Value
C2108,625,32,10875.17,4,5,5,455,Mid
C2109,603,25,6004.42,4,3,1,431,Low-Value
C2110,803,20,6567.5,1,1,2,112,Low-Value
C2111,744,21,6299.16,2,2,2,222,Low-Value
C2112,786,28,7413.84,1,4,3,143,Low-Value
C2113,766,22,5828.4,1,2,1,121,Low-Value
C2114,775,22,6907.13,1,2,2,122,Low-Value
C2115,707,29,8675.61,2,4,4,244,Low-Value
C2116,697,18,4787.53,3,1,1,311,Low-Value
C2117,670,29,10508.51,3,4,5,345,Mid
C2118,733,28,6831.9400000000005,2,4,2,242,Low-Value
C2119,772,27,8932.550000000001,1,4,4,144,Low-Value
C2120,830,16,4227.16,1,1,1,111,Low-Value
C2121,674,23,5378.63,3,2,1,321,Low-Value
C2122,742,30,10130.56,2,5,5,255,Low-Value
C2123,588,31,9339.19,4,5,5,455,Mid
C2124,582,19,5308.16,4,1,1,411,Low-Value
C2125,722,18,5294.71,2,1,1,211,Low-Value
C2126,467,29,8773.32,5,4,4,544,Mid
C2127,659,21,7827.92,3,2,3,323,Low-Value
C2128,590,23,7618.92,4,2,3,423,Low-Value
C2129,679,29,10802.52,3,4,5,345,Mid
C2130,636,30,9685.94,4,5,5,455,Mid
C2131,717,22,6214.44,2,2,2,222,Low-Value
C2132,664,26,7771.71,3,3,3,333,Mid
C2133,431,34,9322.15,5,5,5,555,Mid
C2134,622,30,9759.94,4,5,5,455,Mid
C2135,648,22,8529.94,4,2,4,424,Low-Value
C2136,743,21,8669.7,2,2,4,224,Low-Value
C2137,459,29,10356.130000000001,5,4,5,545,Mid
C2138,750,27,7382.51,2,4,3,243,Low-Value
C2139,605,26,8627.79,4,3,4,434,Mid
C2140,680,26,7788.84,3,3,3,333,Mid
C2141,666,26,8786.97,3,3,4,334,Mid
C2142,634,29,8166.86,4,4,4,444,Mid
C2143,384,23,5050.84,5,2,1,521,Low-Value
C2144,605,23,5807.09,4,2,1,421,Low-Value
C2145,755,22,7129.16,1,2,3,123,Low-Value
C2146,740,20,5045.16,2,1,1,211,Low-Value
C2147,590,30,8562.71,4,5,4,454,Mid
C2148,541,22,8088.55,5,2,4,524,Low-Value
C2149,762,25,7915.04,1,3,3,133,Low-Value
C2150,614,26,7164.28,4,3,3,433,Mid
C2151,615,26,9951.9,4,3,5,435,Mid
C2152,477,17,5049.849999999999,5,1,1,511,Low-Value
C2153,608,27,9304.42,4,4,4,444,Mid
C2154,718,28,7443.64,2,4,3,243,Low-Value
C2155,716,22,10505.85,2,2,5,225,Low-Value
C2156,414,24,10012.71,5,3,5,535,Mid
C2157,692,23,5427.46,3,2,1,321,Low-Value
C2158,710,31,11940.03,2,5,5,255,Low-Value
C2159,739,29,7785.34,2,4,3,243,Low-Value
C2160,700,29,8193.01,3,4,4,344,Mid
C2161,310,24,9969.28,5,3,5,535,Mid
C2162,758,26,8625.4,1,3,4,134,Low-Value
C2163,681,29,8705.56,3,4,4,344,Mid
C2164,829,16,4596.45,1,1,1,111,Low-Value
C2165,742,28,7300.44,2,4,3,243,Low-Value
C2166,571,27,8569.53,5,4,4,544,Mid
C2167,749,24,7550.82,2,3,3,233,Low-Value
C2168,719,27,7804.75,2,4,3,243,Low-Value
C2169,711,31,8645.87,2,5,4,254,Low-Value
C2170,722,30,11533.14,2,5,5,255,Low-Value
C2171,602,29,10162.03,4,4,5,445,Mid
C2172,603,35,10322.38,4,5,5,455,Mid
C2173,647,25,6412.6,4,3,2,432,Low-Value
C2174,844,23,7554.9,1,2,3,123,Low-Value
C2175,777,30,8894.789999999999,1,5,4,154,Low-Value
C2176,731,26,4666.62,2,3,1,231,Low-Value
C2177,540,25,6211.09,5,3,2,532,Low-Value
C2178,657,34,10726.5,3,5,5,355,Mid
C2179,644,28,8039.77,4,4,3,443,Mid
C2180,588,36,12563.12,4,5,5,455,Mid
C2181,776,26,5770.6900000000005,1,3,1,131,Low-Value
C2182,536,28,9206.17,5,4,4,544,Mid
C2183,791,19,6466.7,1,1,2,112,Low-Value
C2184,670,21,6928.01,3,2,2,322,Low-Value
C2185,626,20,7014.78,4,1,2,412,Low-Value
C2186,554,26,8764.92,5,3,4,534,Mid
C2187,684,23,8908.61,3,2,4,324,Low-Value
C2188,617,31,10312.56,4,5,5,455,Mid
C2189,677,24,7098.86,3,3,2,332,Low-Value
C2190,502,26,5745.32,5,3,1,531,Low-Value
C2191,730,22,4866.25,2,2,1,221,Low-Value
C2192,740,15,3972.36,2,1,1,211,Low-Value
C2193,712,36,11660.53,2,5,5,255,Low-Value
C2194,699,24,5325.97,3,3,1,331,Low-Value
C2195,521,26,7043.74,5,3,2,532,Low-Value
C2196,520,27,7555.45,5,4,3,543,Mid
C2197,602,20,5031.53,4,1,1,411,Low-Value
C2198,788,20,7712.6,1,1,3,113,Low-Value
C2199,750,25,6936.280000000001,2,3,2,232,Low-Value
C2200,777,22,7229.14,1,2,3,123,Low-Value
C2201,668,30,7036.87,3,5,2,352,Low-Value
C2202,672,23,6275.97,3,2,2,322,Low-Value
C2203,658,32,6368.9,3,5,2,352,Low-Value
C2204,786,34,9551.69,1,5,5,155,Low-Value
C2205,732,23,6233.26,2,2,2,222,Low-Value
C2206,621,24,8570.85,4,3,4,434,Mid
C2207,744,26,7545.8,2,3,3,233,Low-Value
C2208,791,23,6842.39,1,2,2,122,Low-Value
C2209,736,22,5976.63,2,2,1,221,Low-Value
C2210,750,21,7970.97,2,2,3,223,Low-Value
C2211,474,17,4504.82,5,1,1,511,Low-Value
C2212,384,24,7087.64,5,3,2,532,Low-Value
C2213,578,29,11858.08,4,4,5,445,Mid
C2214,510,22,7449.26,5,2,3,523,Low-Value
C2215,667,33,12555.84,3,5,5,355,Mid
C2216,695,22,5470.49,3,2,1,321,Low-Value
C2217,786,19,7673.07,1,1,3,113,Low-Value
C2218,579,25,6938.5,4,3,2,432,Low-Value
C2219,469,23,7447.14,5,2,3,523,Low-Value
C2220,779,18,5161.47,1,1,1,111,Low-Value
C2221,739,26,11428.2,2,3,5,235,Low-Value
C2222,595,33,10644.71,4,5,5,455,Mid
C2223,708,15,5196.73,2,1,1,211,Low-Value
C2224,763,29,8286.24,1,5,4,154,Low-Value
C2225,581,24,7645.07,4,3,3,433,Mid
C2226,696,21,4967.0,3,2,1,321,Low-Value
C2227,630,31,9896.52,4,5,5,455,Mid
C2228,611,34,13950.77,4,5,5,455,Mid
C2229,783,24,7566.63,1,3,3,133,Low-Value
C2230,475,27,7104.33,5,4,2,542,Low-Value
C2231,711,21,5413.2,2,2,1,221,Low-Value
C2232,689,21,5617.45,3,2,1,321,Low-Value
C2233,590,29,7480.26,4,5,3,453,Mid
C2234,672,23,6056.9,3,2,2,322,Low-Value
C2235,765,26,9208.42,1,3,4,134,Low-Value
C2236,545,25,6332.1,5,3,2,532,Low-Value
C2237,783,28,8522.9,1,4,4,144,Low-Value
C2238,706,29,10279.35,2,5,5,255,Low-Value
C2239,548,27,7992.87,5,4,3,543,Mid
C2240,699,27,9115.82,3,4,4,344,Mid
C2241,579,22,7900.42,4,2,3,423,Low-Value
C2242,663,39,11766.98,3,5,5,355,Mid
C2243,703,27,9811.8,3,4,5,345,Mid
C2244,665,24,7129.610000000001,3,3,3,333,Mid
C2245,724,17,5504.68,2,1,1,211,Low-Value
C2246,740,19,5407.87,2,1,1,211,Low-Value
C2247,711,18,5683.75,2,1,1,211,Low-Value
C2248,740,33,10158.69,2,5,5,255,Low-Value
C2249,853,25,9278.94,1,3,4,134,Low-Value
C2250,687,27,6216.3,3,4,2,342,Low-Value
C2251,718,19,5109.28,2,1,1,211,Low-Value
C2252,802,12,2884.55,1,1,1,111,Low-Value
C2253,578,20,4874.05,4,1,1,411,Low-Value
C2254,692,27,9477.48,3,4,5,345,Mid
C2255,598,29,11481.21,4,5,5,455,Mid
C2256,403,21,6776.4400000000005,5,2,2,522,Low-Value
C2257,683,21,6251.87,3,2,2,322,Low-Value
C2258,520,24,5932.86,5,3,1,531,Low-Value
C2259,685,28,7965.860000000001,3,4,3,343,Mid
C2260,753,28,9002.34,2,4,4,244,Low-Value
C2261,687,28,10554.65,3,4,5,345,Mid
C2262,696,34,10181.91,3,5,5,355,Mid
C2263,651,22,7104.69,4,2,2,422,Low-Value
C2264,682,25,8026.87,3,3,3,333,Mid
C2265,593,24,9087.39,4,3,4,434,Mid
C2266,645,30,8962.86,4,5,4,454,Mid
C2267,615,32,9510.02,4,5,5,455,Mid
C2268,335,27,7721.58,5,4,3,543,Mid
C2269,506,22,5945.47,5,2,1,521,Low-Value
C2270,528,17,3763.56,5,1,1,511,Low-Value
C2271,789,18,6354.67,1,1,2,112,Low-Value
C2272,701,16,2825.69,3,1,1,311,Low-Value
C2273,751,23,6106.77,2,2,2,222,Low-Value
C2274,617,23,7223.12,4,2,3,423,Low-Value
C2275,648,26,8153.16,4,3,4,434,Mid
C2276,797,22,5429.04,1,2,1,121,Low-Value
C2277,811,23,7431.83,1,2,3,123,Low-Value
C2278,593,28,7925.84,4,4,3,443,Mid
C2279,671,26,8627.7,3,3,4,334,Mid
C2280,845,23,5742.43,1,2,1,121,Low-Value
C2281,694,18,6942.87,3,1,2,312,Low-Value
C2282,615,25,8731.92,4,3,4,434,Mid
C2283,762,36,10774.38,1,5,5,155,Low-Value
C2284,749,38,8754.91,2,5,4,254,Low-Value
C2285,421,22,6900.530000000001,5,2,2,522,Low-Value
C2286,721,33,9634.28,2,5,5,255,Low-Value
C2287,848,18,5849.57,1,1,1,111,Low-Value
C2288,346,33,9289.6,5,5,4,554,Mid
C2289,628,22,4798.099999999999,4,2,1,421,Low-Value
C2290,769,18,3889.62,1,1,1,111,Low-Value
C2291,460,20,7563.04,5,1,3,513,Low-Value
C2292,542,35,11590.07,5,5,5,555,Mid
C2293,527,34,11864.39,5,5,5,555,Mid
C2294,736,29,9065.79,2,5,4,254,Low-Value
C2295,760,21,5261.99,1,2,1,121,Low-Value
C2296,759,26,8042.66,1,3,3,133,Low-Value
C2297,751,30,6480.85,2,5,2,252,Low-Value
C2298,720,31,13642.88,2,5,5,255,Low-Value
C2299,691,30,6531.46,3,5,2,352,Low-Value
C2300,187,25,7074.150000000001,5,3,2,532,Low-Value
C2301,696,20,7820.59,3,1,3,313,Low-Value
C2302,569,23,6437.32,5,2,2,522,Low-Value
C2303,706,23,4779.17,2,2,1,221,Low-Value
C2304,539,26,8207.289999999999,5,3,4,534,Mid
C2305,771,25,6347.16,1,3,2,132,Low-Value
C2306,750,26,9213.53,2,3,4,234,Low-Value
C2307,210,23,8082.29,5,2,4,524,Low-Value
C2308,699,41,14202.02,3,5,5,355,Mid
C2309,632,19,5524.68,4,1,1,411,Low-Value
C2310,680,28,10001.59,3,4,5,345,Mid
C2311,622,29,9831.8,4,5,5,455,Mid
C2312,645,26,5888.37,4,3,1,431,Low-Value
C2313,571,31,9006.74,5,5,4,554,Mid
C2314,749,30,8930.74,2,5,4,254,Low-Value
C2315,439,29,7271.45,5,5,3,553,Mid
C2316,824,19,4364.92,1,1,1,111,Low-Value
C2317,730,26,6767.4,2,3,2,232,Low-Value
C2318,704,19,4816.0,2,1,1,211,Low-Value
C2319,705,25,8393.27,2,3,4,234,Low-Value
C2320,214,22,7871.14,5,2,3,523,Low-Value
C2321,742,24,6562.46,2,3,2,232,Low-Value
C2322,667,30,11007.27,3,5,5,355,Mid
C2323,673,26,7862.55,3,4,3,343,Mid
C2324,739,22,5937.0599999999995,2,2,1,221,Low-Value
C2325,615,28,8324.49,4,4,4,444,Mid
C2326,602,32,11322.89,4,5,5,455,Mid
C2327,541,40,12063.39,5,5,5,555,Mid
C2328,773,32,10408.4,1,5,5,155,Low-Value
C2329,635,17,7526.03,4,1,3,413,Low-Value
C2330,721,25,7493.42,2,3,3,233,Low-Value
C2331,568,27,7193.33,5,4,3,543,Mid
C2332,697,31,11629.03,3,5,5,355,Mid
C2333,647,20,5545.59,4,1,1,411,Low-Value
C2334,747,15,2603.35,2,1,1,211,Low-Value
C2335,771,29,5930.54,1,5,1,151,Low-Value
C2336,745,23,8025.07,2,2,3,223,Low-Value
C2337,534,16,4858.28,5,1,1,511,Low-Value
C2338,815,26,10068.53,1,4,5,145,Low-Value
C2339,773,26,6565.33,1,4,2,142,Low-Value
C2340,772,25,7423.31,1,3,3,133,Low-Value
C2341,597,26,8882.44,4,4,4,444,Mid
C2342,690,20,6737.6900000000005,3,1,2,312,Low-Value
C2343,603,25,7863.85,4,3,3,433,Mid
C2344,554,28,7383.34,5,4,3,543,Mid
C2345,657,26,6402.13,3,4,2,342,Low-Value
C2346,722,26,9086.66,2,4,4,244,Low-Value
C2347,803,26,6422.97,1,4,2,142,Low-Value
C2348,584,24,5586.55,4,3,1,431,Low-Value
C2349,503,34,9322.07,5,5,5,555,Mid
C2350,430,36,14134.58,5,5,5,555,Mid
C2351,760,19,6823.86,1,1,2,112,Low-Value
C2352,729,18,6655.21,2,1,2,212,Low-Value
C2353,617,34,10585.0,4,5,5,455,Mid
C2354,588,24,9400.14,4,3,5,435,Mid
C2355,500,32,9899.57,5,5,5,555,Mid
C2356,627,26,7616.21,4,4,3,443,Mid
C2357,663,26,7253.37,3,4,3,343,Mid
C2358,435,26,7724.87,5,4,3,543,Mid
C2359,713,23,6197.59,2,2,2,222,Low-Value
C2360,769,24,7060.389999999999,1,3,2,132,Low-Value
C2361,687,24,6970.65,3,3,2,332,Low-Value
C2362,763,27,9167.03,1,4,4,144,Low-Value
C2363,727,25,7907.530000000001,2,3,3,233,Low-Value
C2364,643,28,8538.99,4,4,4,444,Mid
C2365,523,31,9575.97,5,5,5,555,Mid
C2366,775,19,6650.389999999999,1,1,2,112,Low-Value
C2367,681,34,11638.14,3,5,5,355,Mid
C2368,705,23,8247.77,2,2,4,224,Low-Value
C2369,610,24,7029.58,4,3,2,432,Low-Value
C2370,610,28,7616.99,4,4,3,443,Mid
C2371,770,24,9677.87,1,3,5,135,Low-Value
C2372,652,26,8130.98,3,4,4,344,Mid
C2373,780,23,5901.0,1,2,1,121,Low-Value
C2374,710,28,8084.14,2,4,4,244,Low-Value
C2375,688,35,9294.6,3,5,4,354,Mid
C2376,262,28,9176.93,5,4,4,544,Mid
C2377,766,19,5168.62,1,1,1,111,Low-Value
C2378,612,25,7802.46,4,3,3,433,Mid
C2379,719,30,9715.57,2,5,5,255,Low-Value
C2380,816,22,9214.16,1,2,4,124,Low-Value
C2381,673,28,9412.04,3,4,5,345,Mid
C2382,504,17,5100.51,5,1,1,511,Low-Value
C2383,616,23,6278.150000000001,4,2,2,422,Low-Value
C2384,708,25,7688.23,2,3,3,233,Low-Value
C2385,622,26,10414.76,4,4,5,445,Mid
C2386,606,25,9327.45,4,3,5,435,Mid
C2387,645,35,9010.98,4,5,4,454,Mid
C2388,685,23,7203.22,3,2,3,323,Low-Value
C2389,683,18,5895.76,3,1,1,311,Low-Value
C2390,614,29,7995.43,4,5,3,453,Mid
C2391,461,24,5568.2699999999995,5,3,1,531,Low-Value
C2392,457,28,7508.73,5,4,3,543,Mid
C2393,590,33,9912.75,4,5,5,455,Mid
C2394,357,25,8974.22,5,3,4,534,Mid
C2395,804,23,8630.72,1,2,4,124,Low-Value
C2396,636,20,4184.27,4,1,1,411,Low-Value
C2397,689,24,7846.81,3,3,3,333,Mid
C2398,629,23,8185.39,4,2,4,424,Low-Value
C2399,751,29,8944.3,2,5,4,254,Low-Value
C2400,697,25,8796.4,3,3,4,334,Mid
C2401,568,32,11073.6,5,5,5,555,Mid
C2402,515,28,9379.71,5,4,5,545,Mid
C2403,678,24,7340.04,3,3,3,333,Mid
C2404,632,32,9530.95,4,5,5,455,Mid
C2405,474,26,7479.27,5,4,3,543,Mid
C2406,423,22,7169.13,5,2,3,523,Low-Value
C2407,797,27,8091.9400000000005,1,4,4,144,Low-Value
C2408,724,29,7571.18,2,5,3,253,Low-Value
C2409,753,29,8724.18,2,5,4,254,Low-Value
C2410,597,22,6057.59,4,2,2,422,Low-Value
C2411,787,16,5520.5,1,1,1,111,Low-Value
C2412,585,28,10705.36,4,4,5,445,Mid
C2413,691,36,10322.539999999999,3,5,5,355,Mid
C2414,730,25,5870.25,2,3,1,231,Low-Value
C2415,819,21,5893.4400000000005,1,2,1,121,Low-Value
C2416,739,34,15432.64,2,5,5,255,Low-Value
C2417,253,26,8720.72,5,4,4,544,Mid
C2418,568,25,7314.700000000001,5,3,3,533,Mid
C2419,750,24,7635.35,2,3,3,233,Low-Value
C2420,724,23,8357.029999999999,2,2,4,224,Low-Value
C2421,684,24,6509.0,3,3,2,332,Low-Value
C2422,559,27,7984.36,5,4,3,543,Mid
C2423,655,25,7379.01,3,3,3,333,Mid
C2424,705,25,7971.39,2,3,3,233,Low-Value
C2425,792,23,7356.29,1,2,3,123,Low-Value
C2426,488,32,10266.93,5,5,5,555,Mid
C2427,754,34,12316.1,1,5,5,155,Low-Value
C2428,747,32,10646.89,2,5,5,255,Low-Value
C2429,534,28,7143.1900000000005,5,4,3,543,Mid
C2430,783,28,6823.11,1,4,2,142,Low-Value
C2431,770,26,9321.14,1,4,5,145,Low-Value
C2432,785,22,8136.7699999999995,1,2,4,124,Low-Value
C2433,711,28,8733.25,2,4,4,244,Low-Value
C2434,596,23,6400.27,4,2,2,422,Low-Value
C2435,713,27,8338.03,2,4,4,244,Low-Value
C2436,272,24,7847.22,5,3,3,533,Mid
C2437,726,17,5541.03,2,1,1,211,Low-Value
C2438,739,27,7543.530000000001,2,4,3,243,Low-Value
C2439,667,19,6647.99,3,1,2,312,Low-Value
C2440,382,27,6540.4800000000005,5,4,2,542,Low-Value
C2441,779,35,10166.1,1,5,5,155,Low-Value
C2442,696,23,8443.75,3,2,4,324,Low-Value
C2443,698,21,6127.77,3,2,2,322,Low-Value
C2444,838,18,4395.88,1,1,1,111,Low-Value
C2445,528,26,7831.16,5,4,3,543,Mid
C2446,681,27,8840.89,3,4,4,344,Mid
C2447,783,15,4708.45,1,1,1,111,Low-Value
C2448,517,23,8066.95,5,2,3,523,Low-Value
C2449,657,27,8942.5,3,4,4,344,Mid
C2450,759,22,6148.22,1,2,2,122,Low-Value
C2451,741,18,5554.77,2,1,1,211,Low-Value
C2452,652,26,10257.76,3,4,5,345,Mid
C2453,658,22,7201.07,3,2,3,323,Low-Value
C2454,365,27,7842.67,5,4,3,543,Mid
C2455,779,16,3779.2200000000003,1,1,1,111,Low-Value
C2456,651,24,8569.49,4,3,4,434,Mid
C2457,762,29,8481.8,1,5,4,154,Low-Value
C2458,487,30,8293.62,5,5,4,554,Mid
C2459,646,22,7721.39,4,2,3,423,Low-Value
C2460,508,24,6676.93,5,3,2,532,Low-Value
C2461,743,19,5649.3,2,1,1,211,Low-Value
C2462,634,13,3628.18,4,1,1,411,Low-Value
C2463,531,20,4658.82,5,1,1,511,Low-Value
C2464,490,25,5621.52,5,3,1,531,Low-Value
C2465,718,24,6431.3099999999995,2,3,2,232,Low-Value
C2466,456,13,2905.73,5,1,1,511,Low-Value
C2467,821,18,3985.2200000000003,1,1,1,111,Low-Value
C2468,720,26,6421.98,2,4,2,242,Low-Value
C2469,523,25,8616.81,5,3,4,534,Mid
C2470,679,16,5595.18,3,1,1,311,Low-Value
C2471,434,33,10086.87,5,5,5,555,Mid
C2472,600,29,10410.82,4,5,5,455,Mid
C2473,518,27,7494.29,5,4,3,543,Mid
C2474,692,23,7273.31,3,2,3,323,Low-Value
C2475,753,24,8177.429999999999,2,3,4,234,Low-Value
C2476,737,25,5869.27,2,3,1,231,Low-Value
C2477,782,22,8634.33,1,2,4,124,Low-Value
C2478,589,12,2887.51,4,1,1,411,Low-Value
C2479,665,29,8435.61,3,5,4,354,Mid
C2480,782,23,6278.55,1,2,2,122,Low-Value
C2481,536,20,5789.92,5,1,1,511,Low-Value
C2482,590,32,8536.8,4,5,4,454,Mid
C2483,734,30,9602.6,2,5,5,255,Low-Value
C2484,574,25,8690.72,5,3,4,534,Mid
C2485,563,22,7643.3,5,2,3,523,Low-Value
C2486,787,20,3806.48,1,1,1,111,Low-Value
C2487,668,23,6156.51,3,2,2,322,Low-Value
C2488,606,19,6010.49,4,1,2,412,Low-Value
C2489,608,32,9444.49,4,5,5,455,Mid
C2490,777,24,8313.64,1,3,4,134,Low-Value
C2491,628,23,6955.79,4,2,2,422,Low-Value
C2492,592,29,9564.36,4,5,5,455,Mid
C2493,644,16,6467.599999999999,4,1,2,412,Low-Value
C2494,776,20,6595.74,1,1,2,112,Low-Value
C2495,781,26,8031.23,1,4,3,143,Low-Value
C2496,720,22,8543.27,2,2,4,224,Low-Value
C2497,782,26,9153.13,1,4,4,144,Low-Value
C2498,816,20,7159.29,1,1,3,113,Low-Value
C2499,687,17,4421.55,3,1,1,311,Low-Value
C2500,526,23,6122.49,5,2,2,522,Low-Value
C2501,631,30,8037.75,4,5,3,453,Mid
C2502,500,22,7448.860000000001,5,2,3,523,Low-Value
C2503,693,23,5905.96,3,2,1,321,Low-Value
C2504,679,23,6665.87,3,2,2,322,Low-Value
C2505,535,28,10228.63,5,4,5,545,Mid
C2506,800,23,6761.69,1,2,2,122,Low-Value
C2507,763,29,8745.8,1,5,4,154,Low-Value
C2508,697,28,8969.08,3,4,4,344,Mid
C2509,806,31,10813.77,1,5,5,155,Low-Value
C2510,763,21,4828.48,1,2,1,121,Low-Value
C2511,697,32,6697.96,3,5,2,352,Low-Value
C2512,701,20,7649.469999999999,3,1,3,313,Low-Value
C2513,750,25,8570.88,2,3,4,234,Low-Value
C2514,779,22,6668.61,1,2,2,122,Low-Value
C2515,762,23,8077.16,1,2,4,124,Low-Value
C2516,638,29,7854.81,4,5,3,453,Mid
C2517,305,25,7246.9,5,3,3,533,Mid
C2518,736,27,8478.18,2,4,4,244,Low-Value
C2519,738,26,7587.79,2,4,3,243,Low-Value
C2520,575,22,8873.75,5,2,4,524,Low-Value
C2521,256,26,5920.8,5,4,1,541,Low-Value
C2522,473,24,5695.25,5,3,1,531,Low-Value
C2523,570,25,7371.55,5,3,3,533,Mid
C2524,710,32,7121.4800000000005,2,5,2,252,Low-Value
C2525,658,19,6241.04,3,1,2,312,Low-Value
C2526,692,22,6166.14,3,2,2,322,Low-Value
C2527,732,22,5871.82,2,2,1,221,Low-Value
C2528,761,28,8813.16,1,4,4,144,Low-Value
C2529,776,20,5013.32,1,1,1,111,Low-Value
C2530,695,22,6151.76,3,2,2,322,Low-Value
C2531,647,22,6151.89,4,2,2,422,Low-Value
C2532,741,28,8745.369999999999,2,4,4,244,Low-Value
C2533,685,29,8445.84,3,5,4,354,Mid
C2534,674,35,8165.33,3,5,4,354,Mid
C2535,753,18,7012.81,2,1,2,212,Low-Value
C2536,759,21,6845.63,1,2,2,122,Low-Value
C2537,676,24,9362.55,3,3,5,335,Mid
C2538,670,23,6966.63,3,2,2,322,Low-Value
C2539,763,31,9442.55,1,5,5,155,Low-Value
C2540,687,21,6386.76,3,2,2,322,Low-Value
C2541,568,30,9346.17,5,5,5,555,Mid
C2542,685,19,4857.41,3,1,1,311,Low-Value
C2543,797,25,7715.0599999999995,1,3,3,133,Low-Value
C2544,728,22,7324.31,2,2,3,223,Low-Value
C2545,530,28,8238.73,5,4,4,544,Mid
C2546,814,22,6210.85,1,2,2,122,Low-Value
C2547,783,19,5722.04,1,1,1,111,Low-Value
C2548,694,29,8618.56,3,5,4,354,Mid
C2549,680,25,7921.04,3,3,3,333,Mid
C2550,687,26,7336.13,3,4,3,343,Mid
C2551,749,36,9289.710000000001,2,5,4,254,Low-Value
C2552,811,22,6520.28,1,2,2,122,Low-Value
C2553,590,26,6630.47,4,4,2,442,Low-Value
C2554,710,27,9326.79,2,4,5,245,Low-Value
C2555,643,33,9423.4,4,5,5,455,Mid
C2556,553,27,9163.09,5,4,4,544,Mid
C2557,603,24,7437.9400000000005,4,3,3,433,Mid
C2558,708,29,7320.27,2,5,3,253,Low-Value
C2559,684,24,9550.13,3,3,5,335,Mid
C2560,745,28,10263.92,2,4,5,245,Low-Value
C2561,692,31,8860.98,3,5,4,354,Mid
C2562,712,42,11863.76,2,5,5,255,Low-Value
C2563,590,25,7891.8099999999995,4,3,3,433,Mid
C2564,707,27,7473.1,2,4,3,243,Low-Value
C2565,761,26,8859.28,1,4,4,144,Low-Value
C2566,580,24,7058.13,4,3,2,432,Low-Value
C2567,747,33,9239.18,2,5,4,254,Low-Value
C2568,546,31,9384.33,5,5,5,555,Mid
C2569,725,24,6968.63,2,3,2,232,Low-Value
C2570,359,16,4656.34,5,1,1,511,Low-Value
C2571,648,28,8134.71,4,4,4,444,Mid
C2572,749,16,6142.8099999999995,2,1,2,212,Low-Value
C2573,655,30,10167.01,3,5,5,355,Mid
C2574,767,33,9089.59,1,5,4,154,Low-Value
C2575,699,19,4223.89,3,1,1,311,Low-Value
C2576,764,18,7272.87,1,1,3,113,Low-Value
C2577,788,30,10275.57,1,5,5,155,Low-Value
C2578,478,20,7279.97,5,1,3,513,Low-Value
C2579,706,24,8161.56,2,3,4,234,Low-Value
C2580,753,17,7464.87,2,1,3,213,Low-Value
C2581,764,27,6841.27,1,4,2,142,Low-Value
C2582,622,31,9989.33,4,5,5,455,Mid
C2583,799,20,8263.34,1,1,4,114,Low-Value
C2584,530,25,12402.98,5,3,5,535,Mid
C2585,676,17,4024.36,3,1,1,311,Low-Value
C2586,588,27,8348.05,4,4,4,444,Mid
C2587,642,22,6114.27,4,2,2,422,Low-Value
C2588,734,32,9346.01,2,5,5,255,Low-Value
C2589,618,37,13349.32,4,5,5,455,Mid
C2590,722,19,6495.5,2,1,2,212,Low-Value
C2591,704,24,9289.029999999999,2,3,4,234,Low-Value
C2592,818,22,7123.07,1,2,2,122,Low-Value
C2593,676,25,4903.08,3,3,1,331,Low-Value
C2594,583,29,11810.14,4,5,5,455,Mid
C2595,623,30,10571.44,4,5,5,455,Mid
C2596,659,35,10353.57,3,5,5,355,Mid
C2597,514,24,7110.86,5,3,2,532,Low-Value
C2598,802,20,7894.39,1,1,3,113,Low-Value
C2599,668,27,7712.63,3,4,3,343,Mid
C2600,735,25,7374.89,2,3,3,233,Low-Value
C2601,714,23,7194.9,2,2,3,223,Low-Value
C2602,682,17,3947.27,3,1,1,311,Low-Value
C2603,342,24,6270.15,5,3,2,532,Low-Value
C2604,767,28,7711.41,1,4,3,143,Low-Value
C2605,721,28,8668.1,2,4,4,244,Low-Value
C2606,550,20,8517.02,5,1,4,514,Low-Value
C2607,616,23,9105.31,4,2,4,424,Low-Value
C2608,833,36,11739.11,1,5,5,155,Low-Value
C2609,664,30,10211.59,3,5,5,355,Mid
C2610,625,35,8614.45,4,5,4,454,Mid
C2611,733,29,11670.35,2,5,5,255,Low-Value
C2612,435,33,10884.66,5,5,5,555,Mid
C2613,799,24,7603.360000000001,1,3,3,133,Low-Value
C2614,637,17,4756.43,4,1,1,411,Low-Value
C2615,709,25,8377.9,2,3,4,234,Low-Value
C2616,720,22,5676.67,2,2,1,221,Low-Value
C2617,638,26,6765.95,4,4,2,442,Low-Value
C2618,730,29,7519.78,2,5,3,253,Low-Value
C2619,662,25,8544.1,3,3,4,334,Mid
C2620,651,25,7503.87,4,3,3,433,Mid
C2621,607,19,7624.95,4,1,3,413,Low-Value
C2622,635,25,7804.23,4,3,3,433,Mid
C2623,689,26,7962.0599999999995,3,4,3,343,Mid
C2624,669,28,10913.84,3,4,5,345,Mid
C2625,579,19,6051.97,4,1,2,412,Low-Value
C2626,381,22,5742.889999999999,5,2,1,521,Low-Value
C2627,553,31,11514.28,5,5,5,555,Mid
C2628,688,28,7221.59,3,4,3,343,Mid
C2629,694,21,6534.400000000001,3,2,2,322,Low-Value
C2630,379,32,10805.0,5,5,5,555,Mid
C2631,791,25,7199.42,1,3,3,133,Low-Value
C2632,690,20,6468.89,3,1,2,312,Low-Value
C2633,629,21,5418.28,4,2,1,421,Low-Value
C2634,780,26,7662.68,1,4,3,143,Low-Value
C2635,712,16,4519.25,2,1,1,211,Low-Value
C2636,665,24,6862.43,3,3,2,332,Low-Value
C2637,397,30,9975.01,5,5,5,555,Mid
C2638,676,34,10800.52,3,5,5,355,Mid
C2639,700,21,8075.18,3,2,3,323,Low-Value
C2640,652,30,8900.1,3,5,4,354,Mid
C2641,745,23,7596.400000000001,2,2,3,223,Low-Value
C2642,738,29,9021.42,2,5,4,254,Low-Value
C2643,718,13,3944.5699999999997,2,1,1,211,Low-Value
C2644,665,22,6525.37,3,2,2,322,Low-Value
C2645,710,31,9345.7,2,5,5,255,Low-Value
C2646,709,20,5151.8,2,1,1,211,Low-Value
C2647,721,36,10470.58,2,5,5,255,Low-Value
C2648,688,29,6089.9800000000005,3,5,2,352,Low-Value
C2649,797,32,9497.46,1,5,5,155,Low-Value
C2650,544,27,7577.15,5,4,3,543,Mid
C2651,577,33,10530.4,4,5,5,455,Mid
C2652,598,33,9157.3,4,5,4,454,Mid
C2653,563,29,10773.89,5,5,5,555,Mid
C2654,731,25,7802.87,2,3,3,233,Low-Value
C2655,536,31,10073.0,5,5,5,555,Mid
C2656,743,30,10540.869999999999,2,5,5,255,Low-Value
C2657,767,28,9952.85,1,4,5,145,Low-Value
C2658,758,19,5921.55,1,1,1,111,Low-Value
C2659,454,27,9317.86,5,4,5,545,Mid
C2660,775,35,11510.2,1,5,5,155,Low-Value
C2661,783,20,8265.57,1,1,4,114,Low-Value
C2662,485,28,5719.61,5,4,1,541,Low-Value
C2663,762,26,8204.39,1,4,4,144,Low-Value
C2664,697,26,9139.92,3,4,4,344,Mid
C2665,440,31,7923.11,5,5,3,553,Mid
C2666,710,21,6775.26,2,2,2,222,Low-Value
C2667,591,36,11259.14,4,5,5,455,Mid
C2668,504,24,6468.64,5,3,2,532,Low-Value
C2669,863,21,7344.26,1,2,3,123,Low-Value
C2670,741,21,7286.12,2,2,3,223,Low-Value
C2671,737,23,7224.5599999999995,2,2,3,223,Low-Value
C2672,747,23,6474.85,2,2,2,222,Low-Value
C2673,648,28,8130.55,4,4,4,444,Mid
C2674,716,21,8070.85,2,2,3,223,Low-Value
C2675,647,18,5595.05,4,1,1,411,Low-Value
C2676,719,25,8758.58,2,3,4,234,Low-Value
C2677,727,23,7270.4,2,2,3,223,Low-Value
C2678,807,20,5659.25,1,1,1,111,Low-Value
C2679,562,29,9170.31,5,5,4,554,Mid
C2680,631,21,5780.35,4,2,1,421,Low-Value
C2681,725,16,5218.7,2,1,1,211,Low-Value
C2682,703,34,8796.88,3,5,4,354,Mid
C2683,531,29,7607.24,5,5,3,553,Mid
C2684,537,27,7044.37,5,4,2,542,Low-Value
C2685,681,17,6177.77,3,1,2,312,Low-Value
C2686,494,32,9626.6,5,5,5,555,Mid
C2687,747,29,9581.2,2,5,5,255,Low-Value
C2688,682,23,7489.84,3,2,3,323,Low-Value
C2689,643,21,5750.11,4,2,1,421,Low-Value
C2690,626,26,8392.99,4,4,4,444,Mid
C2691,541,25,8890.59,5,3,4,534,Mid
C2692,739,24,7647.719999999999,2,3,3,233,Low-Value
C2693,691,17,4898.0,3,1,1,311,Low-Value
C2694,575,21,6973.43,5,2,2,522,Low-Value
C2695,540,24,6925.14,5,3,2,532,Low-Value
C2696,816,24,8831.81,1,3,4,134,Low-Value
C2697,607,30,8496.41,4,5,4,454,Mid
C2698,722,31,10546.68,2,5,5,255,Low-Value
C2699,724,27,8562.61,2,4,4,244,Low-Value
C2700,720,34,11920.73,2,5,5,255,Low-Value
C2701,530,26,6195.71,5,4,2,542,Low-Value
C2702,479,25,7578.32,5,3,3,533,Mid
C2703,685,20,6564.84,3,1,2,312,Low-Value
C2704,799,30,7942.92,1,5,3,153,Low-Value
C2705,317,22,9530.63,5,2,5,525,Low-Value
C2706,599,24,6150.99,4,3,2,432,Low-Value
C2707,788,26,8125.7699999999995,1,4,4,144,Low-Value
C2708,785,22,7488.1,1,2,3,123,Low-Value
C2709,612,33,10783.8,4,5,5,455,Mid
C2710,587,19,6310.5599999999995,4,1,2,412,Low-Value
C2711,863,14,3748.33,1,1,1,111,Low-Value
C2712,632,32,8157.97,4,5,4,454,Mid
C2713,731,18,4107.65,2,1,1,211,Low-Value
C2714,614,19,6911.84,4,1,2,412,Low-Value
C2715,754,29,9035.92,1,5,4,154,Low-Value
C2716,767,20,6358.41,1,1,2,112,Low-Value
C2717,713,28,7929.43,2,4,3,243,Low-Value
C2718,823,28,9441.85,1,4,5,145,Low-Value
C2719,652,24,7007.570000000001,3,3,2,332,Low-Value
C2720,472,18,5102.34,5,1,1,511,Low-Value
C2721,611,28,9252.18,4,4,4,444,Mid
C2722,593,17,6894.13,4,1,2,412,Low-Value
C2723,712,27,9941.15,2,4,5,245,Low-Value
C2724,762,20,5152.31,1,1,1,111,Low-Value
C2725,367,32,9793.8,5,5,5,555,Mid
C2726,709,30,9449.25,2,5,5,255,Low-Value
C2727,720,22,4990.4,2,2,1,221,Low-Value
C2728,589,20,6012.83,4,1,2,412,Low-Value
C2729,631,22,5214.27,4,2,1,421,Low-Value
C2730,708,28,7203.1,2,4,3,243,Low-Value
C2731,596,17,3828.44,4,1,1,411,Low-Value
C2732,670,29,10419.49,3,5,5,355,Mid
C2733,639,15,3917.12,4,1,1,411,Low-Value
C2734,825,28,10160.37,1,4,5,145,Low-Value
C2735,658,28,9643.38,3,4,5,345,Mid
C2736,679,24,6513.84,3,3,2,332,Low-Value
C2737,762,19,7117.03,1,1,2,112,Low-Value
C2738,749,16,5190.9400000000005,2,1,1,211,Low-Value
C2739,775,24,8151.37,1,3,4,134,Low-Value
C2740,511,24,7123.91,5,3,2,532,Low-Value
C2741,599,25,7768.92,4,3,3,433,Mid
C2742,596,25,7402.5199999999995,4,3,3,433,Mid
C2743,653,26,8750.92,3,4,4,344,Mid
C2744,714,27,10715.64,2,4,5,245,Low-Value
C2745,699,23,6072.85,3,2,2,322,Low-Value
C2746,655,25,8524.7,3,3,4,334,Mid
C2747,747,31,10069.48,2,5,5,255,Low-Value
C2748,892,15,3540.49,1,1,1,111,Low-Value
C2749,321,27,7447.07,5,4,3,543,Mid
C2750,724,22,6179.09,2,2,2,222,Low-Value
C2751,753,24,8437.62,2,3,4,234,Low-Value
C2752,753,27,9033.78,2,4,4,244,Low-Value
C2753,704,34,12031.08,2,5,5,255,Low-Value
C2754,772,25,8141.19,1,3,4,134,Low-Value
C2755,677,28,9784.35,3,4,5,345,Mid
C2756,709,24,7496.32,2,3,3,233,Low-Value
C2757,612,28,8518.92,4,4,4,444,Mid
C2758,531,34,9042.33,5,5,4,554,Mid
C2759,703,26,9555.39,3,4,5,345,Mid
C2760,681,33,9641.25,3,5,5,355,Mid
C2761,357,33,12503.44,5,5,5,555,Mid
C2762,681,30,7826.09,3,5,3,353,Mid
C2763,707,14,4363.91,2,1,1,211,Low-Value
C2764,748,27,9592.16,2,4,5,245,Low-Value
C2765,648,33,11818.04,4,5,5,455,Mid
C2766,673,25,7852.44,3,3,3,333,Mid
C2767,763,23,7880.68,1,2,3,123,Low-Value
C2768,694,26,7016.88,3,4,2,342,Low-Value
C2769,530,27,8362.77,5,4,4,544,Mid
C2770,782,26,7830.13,1,4,3,143,Low-Value
C2771,433,33,8406.14,5,5,4,554,Mid
C2772,664,34,9253.35,3,5,4,354,Mid
C2773,800,21,6436.31,1,2,2,122,Low-Value
C2774,724,29,6900.35,2,5,2,252,Low-Value
C2775,737,27,8828.8,2,4,4,244,Low-Value
C2776,691,29,9791.23,3,5,5,355,Mid
C2777,480,23,6083.4800000000005,5,2,2,522,Low-Value
C2778,798,21,6821.29,1,2,2,122,Low-Value
C2779,665,21,7665.4,3,2,3,323,Low-Value
C2780,732,17,4014.9300000000003,2,1,1,211,Low-Value
C2781,749,21,8629.81,2,2,4,224,Low-Value
C2782,655,26,8249.47,3,4,4,344,Mid
C2783,681,29,9588.18,3,5,5,355,Mid
C2784,739,18,6093.110000000001,2,1,2,212,Low-Value
C2785,781,21,6943.16,1,2,2,122,Low-Value
C2786,683,29,8460.27,3,5,4,354,Mid
C2787,845,26,7199.82,1,4,3,143,Low-Value
C2788,748,30,9849.59,2,5,5,255,Low-Value
C2789,723,29,12124.5,2,5,5,255,Low-Value
C2790,561,23,5684.7,5,2,1,521,Low-Value
C2791,623,32,7740.05,4,5,3,453,Mid
C2792,868,16,3656.19,1,1,1,111,Low-Value
C2793,810,23,7922.71,1,2,3,123,Low-Value
C2794,667,33,9241.66,3,5,4,354,Mid
C2795,749,28,7796.900000000001,2,4,3,243,Low-Value
C2796,792,25,6084.87,1,3,2,132,Low-Value
C2797,596,24,5651.71,4,3,1,431,Low-Value
C2798,649,21,6085.43,4,2,2,422,Low-Value
C2799,539,26,8970.93,5,4,4,544,Mid
C2800,705,29,7732.27,2,5,3,253,Low-Value
C2801,451,23,6976.74,5,2,2,522,Low-Value
C2802,584,28,9347.6,4,4,5,445,Mid
C2803,663,25,5991.38,3,3,1,331,Low-Value
C2804,762,25,7956.29,1,3,3,133,Low-Value
C2805,720,17,6039.79,2,1,2,212,Low-Value
C2806,751,24,7316.87,2,3,3,233,Low-Value
C2807,673,30,10577.16,3,5,5,355,Mid
C2808,709,17,4358.14,2,1,1,211,Low-Value
C2809,778,25,7119.7,1,3,2,132,Low-Value
C2810,510,21,7086.5,5,2,2,522,Low-Value
C2811,671,29,8838.32,3,5,4,354,Mid
C2812,623,30,11016.89,4,5,5,455,Mid
C2813,701,15,5890.67,3,1,1,311,Low-Value
C2814,583,25,6448.35,4,3,2,432,Low-Value
C2815,522,25,5942.79,5,3,1,531,Low-Value
C2816,817,19,7991.03,1,1,3,113,Low-Value
C2817,813,34,9882.380000000001,1,5,5,155,Low-Value
C2818,778,22,8465.96,1,2,4,124,Low-Value
C2819,680,20,6942.860000000001,3,1,2,312,Low-Value
C2820,591,22,5662.09,4,2,1,421,Low-Value
C2821,544,29,9553.15,5,5,5,555,Mid
C2822,833,28,9292.72,1,4,4,144,Low-Value
C2823,568,27,9896.51,5,4,5,545,Mid
C2824,601,19,5898.34,4,1,1,411,Low-Value
C2825,665,29,7686.06,3,5,3,353,Mid
C2826,768,28,6603.17,1,4,2,142,Low-Value
C2827,661,28,7481.82,3,4,3,343,Mid
C2828,760,19,6103.63,1,1,2,112,Low-Value
C2829,567,28,9740.39,5,4,5,545,Mid
C2830,792,27,6739.0,1,4,2,142,Low-Value
C2831,695,30,7952.04,3,5,3,353,Mid
C2832,799,25,6465.12,1,3,2,132,Low-Value
C2833,752,24,6167.650000000001,2,3,2,232,Low-Value
C2834,752,27,8459.74,2,4,4,244,Low-Value
C2835,783,20,5449.7,1,1,1,111,Low-Value
C2836,494,26,8335.28,5,4,4,544,Mid
C2837,595,32,10078.32,4,5,5,455,Mid
C2838,728,30,7696.92,2,5,3,253,Low-Value
C2839,525,23,6122.88,5,2,2,522,Low-Value
C2840,693,23,8377.06,3,2,4,324,Low-Value
C2841,665,23,6123.59,3,2,2,322,Low-Value
C2842,736,21,6209.76,2,2,2,222,Low-Value
C2843,583,18,4780.63,4,1,1,411,Low-Value
C2844,688,18,4686.6,3,1,1,311,Low-Value
C2845,718,27,8944.38,2,4,4,244,Low-Value
C2846,694,19,5958.25,3,1,1,311,Low-Value
C2847,611,19,6554.09,4,1,2,412,Low-Value
C2848,598,25,8670.42,4,3,4,434,Mid
C2849,827,20,5172.0,1,1,1,111,Low-Value
C2850,747,23,9438.630000000001,2,2,5,225,Low-Value
C2851,871,20,7145.08,1,1,3,113,Low-Value
C2852,732,24,5896.37,2,3,1,231,Low-Value
C2853,681,24,6900.15,3,3,2,332,Low-Value
C2854,743,21,6155.2300000000005,2,2,2,222,Low-Value
C2855,410,24,7873.02,5,3,3,533,Mid
C2856,668,27,5962.41,3,4,1,341,Low-Value
C2857,791,23,8115.71,1,2,4,124,Low-Value
C2858,634,23,6827.36,4,2,2,422,Low-Value
C2859,450,26,8734.26,5,4,4,544,Mid
C2860,666,20,5110.12,3,1,1,311,Low-Value
C2861,698,18,5824.63,3,1,1,311,Low-Value
C2862,681,29,8004.93,3,5,3,353,Mid
C2863,738,32,8830.86,2,5,4,254,Low-Value
C2864,697,23,7693.740000000001,3,2,3,323,Low-Value
C2865,826,34,9686.61,1,5,5,155,Low-Value
C2866,631,30,9195.56,4,5,4,454,Mid
C2867,635,29,11222.28,4,5,5,455,Mid
C2868,528,26,7623.99,5,4,3,543,Mid
C2869,693,26,7798.02,3,4,3,343,Mid
C2870,681,26,8523.32,3,4,4,344,Mid
C2871,582,25,9488.65,4,3,5,435,Mid
C2872,722,26,9368.89,2,4,5,245,Low-Value
C2873,768,21,5942.43,1,2,1,121,Low-Value
C2874,700,18,6131.25,3,1,2,312,Low-Value
C2875,653,22,9385.54,3,2,5,325,Low-Value
C2876,573,20,7391.91,5,1,3,513,Low-Value
C2877,644,22,5801.91,4,2,1,421,Low-Value
C2878,526,28,8458.45,5,4,4,544,Mid
C2879,618,17,5442.92,4,1,1,411,Low-Value
C2880,619,30,9189.92,4,5,4,454,Mid
C2881,516,20,6164.17,5,1,2,512,Low-Value
C2882,530,29,7185.57,5,5,3,553,Mid
C2883,561,24,6001.65,5,3,1,531,Low-Value
C2884,718,21,5078.72,2,2,1,221,Low-Value
C2885,759,22,7860.13,1,2,3,123,Low-Value
C2886,639,30,10197.33,4,5,5,455,Mid
C2887,690,22,6192.14,3,2,2,322,Low-Value
C2888,322,33,10556.98,5,5,5,555,Mid
C2889,685,30,9044.29,3,5,4,354,Mid
C2890,626,25,9816.07,4,3,5,435,Mid
C2891,596,27,6844.56,4,4,2,442,Low-Value
C2892,606,30,8849.380000000001,4,5,4,454,Mid
C2893,732,13,5204.110000000001,2,1,1,211,Low-Value
C2894,807,17,3808.17,1,1,1,111,Low-Value
C2895,679,32,7530.16,3,5,3,353,Mid
C2896,631,27,9418.54,4,4,5,445,Mid
C2897,709,32,11321.48,2,5,5,255,Low-Value
C2898,787,17,7064.51,1,1,2,112,Low-Value
C2899,756,19,5295.74,1,1,1,111,Low-Value
C2900,612,30,10321.9,4,5,5,455,Mid
C2901,669,24,8091.16,3,3,4,334,Mid
C2902,737,29,6707.73,2,5,2,252,Low-Value
C2903,475,21,5814.92,5,2,1,521,Low-Value
C2904,531,35,10838.24,5,5,5,555,Mid
C2905,585,24,8911.16,4,3,4,434,Mid
C2906,478,35,9319.9,5,5,5,555,Mid
C2907,488,28,6782.42,5,4,2,542,Low-Value
C2908,779,28,8310.35,1,4,4,144,Low-Value
C2909,700,30,10586.16,3,5,5,355,Mid
C2910,706,31,10396.42,2,5,5,255,Low-Value
C2911,697,16,6303.44,3,1,2,312,Low-Value
C2912,520,32,9243.16,5,5,4,554,Mid
C2913,743,27,9625.36,2,4,5,245,Low-Value
C2914,721,23,8080.72,2,2,4,224,Low-Value
C2915,615,25,7939.13,4,3,3,433,Mid
C2916,660,22,6124.7300000000005,3,2,2,322,Low-Value
C2917,675,20,5767.0199999999995,3,1,1,311,Low-Value
C2918,561,24,8891.65,5,3,4,534,Mid
C2919,711,23,6898.08,2,2,2,222,Low-Value
C2920,764,22,7182.75,1,2,3,123,Low-Value
C2921,706,25,7375.33,2,3,3,233,Low-Value
C2922,745,21,5916.89,2,2,1,221,Low-Value
C2923,605,25,6041.1900000000005,4,3,2,432,Low-Value
C2924,233,22,6569.52,5,2,2,522,Low-Value
C2925,594,29,7523.43,4,5,3,453,Mid
C2926,768,16,4082.55,1,1,1,111,Low-Value
C2927,533,28,5197.95,5,4,1,541,Low-Value
C2928,691,30,11332.09,3,5,5,355,Mid
C2929,796,23,7658.46,1,2,3,123,Low-Value
C2930,607,24,7608.96,4,3,3,433,Mid
C2931,604,30,9370.01,4,5,5,455,Mid
C2932,714,27,8748.99,2,4,4,244,Low-Value
C2933,687,28,8773.22,3,4,4,344,Mid
C2934,796,24,7362.64,1,3,3,133,Low-Value
C2935,580,24,6460.29,4,3,2,432,Low-Value
C2936,781,26,7727.15,1,4,3,143,Low-Value
C2937,628,28,8916.7,4,4,4,444,Mid
C2938,747,21,6602.32,2,2,2,222,Low-Value
C2939,705,34,9869.08,2,5,5,255,Low-Value
C2940,563,23,7192.59,5,2,3,523,Low-Value
C2941,666,30,8739.630000000001,3,5,4,354,Mid
C2942,508,28,8567.26,5,4,4,544,Mid
C2943,751,29,8688.65,2,5,4,254,Low-Value
C2944,597,24,4711.28,4,3,1,431,Low-Value
C2945,682,21,6832.66,3,2,2,322,Low-Value
C2946,772,22,5390.25,1,2,1,121,Low-Value
C2947,615,29,9345.35,4,5,5,455,Mid
C2948,735,22,5599.150000000001,2,2,1,221,Low-Value
C2949,685,27,9070.31,3,4,4,344,Mid
C2950,770,24,5271.13,1,3,1,131,Low-Value
C2951,729,24,8443.85,2,3,4,234,Low-Value
C2952,718,26,7913.54,2,4,3,243,Low-Value
C2953,709,25,7482.8099999999995,2,3,3,233,Low-Value
C2954,652,29,10514.91,3,5,5,355,Mid
C2955,641,31,9456.49,4,5,5,455,Mid
C2956,649,25,7832.26,4,3,3,433,Mid
C2957,645,25,7647.3,4,3,3,433,Mid
C2958,756,18,4924.34,1,1,1,111,Low-Value
C2959,511,24,7057.01,5,3,2,532,Low-Value
C2960,557,30,9360.11,5,5,5,555,Mid
C2961,820,24,7725.15,1,3,3,133,Low-Value
C2962,763,24,8069.61,1,3,3,133,Low-Value
C2963,629,24,6662.26,4,3,2,432,Low-Value
C2964,444,25,7338.24,5,3,3,533,Mid
C2965,735,20,4650.49,2,1,1,211,Low-Value
C2966,550,29,7789.3099999999995,5,5,3,553,Mid
C2967,686,22,7178.91,3,2,3,323,Low-Value
C2968,432,33,10362.85,5,5,5,555,Mid
C2969,557,28,6606.05,5,4,2,542,Low-Value
C2970,52,23,6926.900000000001,5,2,2,522,Low-Value
C2971,804,22,6445.41,1,2,2,122,Low-Value
C2972,768,26,7829.63,1,4,3,143,Low-Value
C2973,616,24,6894.8,4,3,2,432,Low-Value
C2974,609,21,7713.13,4,2,3,423,Low-Value
C2975,740,25,8323.74,2,3,4,234,Low-Value
C2976,710,22,6060.58,2,2,2,222,Low-Value
C2977,786,20,5530.51,1,1,1,111,Low-Value
C2978,648,27,8991.27,4,4,4,444,Mid
C2979,693,37,9339.69,3,5,5,355,Mid
C2980,750,23,7805.98,2,2,3,223,Low-Value
C2981,604,28,8145.15,4,4,4,444,Mid
C2982,655,25,5496.62,3,3,1,331,Low-Value
C2983,595,29,9120.36,4,5,4,454,Mid
C2984,634,23,7395.58,4,2,3,423,Low-Value
C2985,772,35,9804.119999999999,1,5,5,155,Low-Value
C2986,651,22,6975.32,4,2,2,422,Low-Value
C2987,532,30,6415.62,5,5,2,552,Low-Value
C2988,657,29,8303.210000000001,3,5,4,354,Mid
C2989,581,15,3463.3,4,1,1,411,Low-Value
C2990,591,35,9094.24,4,5,4,454,Mid
C2991,582,27,7462.17,4,4,3,443,Mid
C2992,693,20,4537.4400000000005,3,1,1,311,Low-Value
C2993,788,19,4793.2300000000005,1,1,1,111,Low-Value
C2994,711,26,10028.52,2,4,5,245,Low-Value
C2995,663,27,8027.52,3,4,3,343,Mid
C2996,609,21,6725.66,4,2,2,422,Low-Value
C2997,516,27,6822.14,5,4,2,542,Low-Value
C2998,652,18,4553.14,3,1,1,311,Low-Value
C2999,770,26,7042.96,1,4,2,142,Low-Value
